slug,min_precip,max_precip
abies-balsamea,300,1600
abies-concolor,400,2100
abies-fraseri,1100,2600
abies-grandis,200,2600
abies-lasiocarpa-var-arizonica,500,3900
abies-lasiocarpa-var-lasiocarpa,500,3900
abies-magnifica,800,1700
abies-magnifica-var-shastensis,800,1700
abies-procera,1600,3100
acacia-koa,1200,5100
acacia-koaia,800,5100
acacia-melanoxylon,400,1100
acacia-sophorae,400,1100
acalypha-virginica,300,1600
acer-barbatum-f-barbatum,1000,1700
acer-barbatum-var-barbatum,1000,1700
acer-circinatum,600,2100
acer-ginnala-subsp-ginnala,700,1600
acer-glabrum,200,1600
acer-glabrum-var-diffusum,200,1600
acer-glabrum-var-douglasii,200,1600
acer-glabrum-var-neomexicanum,200,1600
acer-glabrum-var-siskiyouense,200,1600
acer-grandidentatum-var-grandidentatum,400,800
acer-macrophyllum,500,6700
acer-negundo,300,2000
acer-negundo-f-dorei,300,2000
acer-negundo-f-interius,300,2000
acer-negundo-subsp-interior,300,2000
acer-negundo-var-californicum,300,2000
acer-negundo-var-interior,300,2000
acer-negundo-var-mexicanum,300,2000
acer-negundo-var-texanum,300,2000
acer-negundo-var-violaceum,300,2000
acer-nipponicum,600,2000
acer-pensylvanicum,600,2000
acer-platanoides,600,1600
acer-pseudoplatanus,800,1600
acer-pseudoplatanus-var-vanvolxemii,800,1600
acer-pycnanthum,600,2100
acer-rubrum,600,2100
acer-saccharinum,500,1800
acer-saccharum,500,2100
acer-saccharum-subsp-floridanum,500,2100
acer-saccharum-subsp-grandidentatum,500,2100
acer-saccharum-subsp-leucoderme,500,2100
acer-saccharum-subsp-nigrum,600,1600
acer-saccharum-var-quinqueelobulatum,500,2100
acer-saccharum-var-rugellii,500,2100
acer-saccharum-var-schneckii,500,2100
acer-saccharum-var-sinuosum,500,2100
acer-spicatum,700,1800
acer-tataricum,300,-1
acer-tataricum-subsp-aidzuense,300,700
acer-tataricum-subsp-ginnala,700,1600
acer-tataricum-subsp-semenovii,300,700
achillea-millefolium,200,1600
achnatherum-lemmonii-subsp-lemmonii,200,-1
achnatherum-occidentale-subsp-occidentale,200,400
aconitum-columbianum,300,1300
aconitum-columbianum-subsp-viviparum,300,1300
adiantum-aleuticum,900,1600
adiantum-capillus-veneris,200,1600
aesculus-californica,1000,2000
aesculus-flava,900,2200
aesculus-glabra,700,1600
aesculus-pavia,900,1700
agastache-parvifolia,300,1700
agave-americana,200,400
agave-americana-ssp-americana-var-americana,200,400
agave-americana-ssp-americana-var-expansa,200,400
agave-americana-subsp-protamericana,200,400
agave-americana-var-expansa,200,400
agave-utahensis-subsp-kaibabensis,100,700
agoseris-aurantiaca,400,1800
agoseris-aurantiaca-var-purpurea,400,1800
agoseris-glauca,200,1800
agoseris-glauca-var-dasycephala,200,1800
agoseris-grandiflora,300,600
agrimonia-gryposepala,300,1400
agrimonia-parviflora,600,1300
agrimonia-rostellata,800,1300
agrimonia-striata,200,1200
agropyron-cristatum,100,800
agropyron-cristatum-ssp-pectinatum-var-imbricatum,100,800
agropyron-desertorum,100,800
agropyron-fragile,100,800
agropyron-fragile-subsp-mongolicum,200,700
agrostis-castellana,800,1600
agrostis-gigantea,700,1600
agrostis-microphylla,100,800
agrostis-pallens,300,500
agrostis-perennans,800,1500
agrostis-pourretii,800,1600
aleurites-moluccana,1000,5100
aleurites-moluccanus,1000,5100
alisma-gramineum,200,1300
alisma-plantago-aquatica,500,1700
alisma-plantago-aquatica-ssp-brevipes,500,1700
alisma-plantago-aquatica-ssp-subcordatum,500,1700
alisma-plantago-aquatica-subsp-orientale,500,1700
alisma-plantago-aquatica-subsp-plantago-aquatica,500,1700
alisma-subcordatum,800,1600
allium-acuminatum,200,1600
allium-douglasii,200,500
allium-tolmiei-var-persimile,200,500
allium-tolmiei-var-tolmiei,200,500
allium-validum,300,1100
alnus-alnobetula-subsp-crispa,300,1600
alnus-alnobetula-subsp-sinuata,400,5100
alnus-glutinosa-subsp-barbata,500,1700
alnus-incana,800,1600
alnus-incana-subsp-kolaensis,800,1600
alnus-incana-subsp-rugosa,800,1600
alnus-incana-subsp-tenuifolia,800,1600
alnus-maritima,900,1300
alopecurus-aequalis,400,1200
alopecurus-geniculatus-var-geniculatus,500,1200
alopecurus-magellanicus,200,700
alopecurus-myosuroides,800,1400
alternanthera-philoxeroides,1000,1600
amaranthus-californicus,300,700
ambrosia-dumosa,100,300
amelanchier-alnifolia,300,3600
amelanchier-alnifolia-var-semi-integrifolia,300,3600
amelanchier-alnifolia-var-semiintegrifolia,500,1300
amelanchier-arborea,600,2100
amelanchier-canadensis,700,1600
amelanchier-laevis,800,1600
amelanchier-obovalis,700,2300
amelanchier-pumila,300,3600
amelanchier-sanguinea,800,1400
amelanchier-utahensis-var-covillei,300,1200
ammannia-octandra,400,1600
ammannia-robusta,400,1600
amorpha-californica,200,1200
amorpha-glabra,800,1600
amsinckia-lycopsoides,200,500
ananas-comosus,700,2100
anaphalis-margaritacea,200,900
andropogon-eremicus,800,1800
andropogon-gerardii,300,800
andropogon-glomeratus,800,1800
andropogon-ternarius,500,1600
andropogon-virginicus-var-virginicus,700,1200
androsace-laevigata,300,700
anemone-multifida,1000,1600
anemopsis-californica,100,500
anisacanthus-thurberi,200,400
antennaria-anaphaloides,300,600
antennaria-argentea,300,800
antennaria-corymbosa,400,1600
antennaria-dimorpha,300,1100
antennaria-howellii,200,1600
antennaria-howellii-subsp-canadensis,200,1600
antennaria-luzuloides,300,800
antennaria-luzuloides-subsp-aberrans,300,800
apios-americana,700,1400
apocynum-cannabinum,300,1600
aquilegia-caerulea,300,1100
aquilegia-coerulea,300,1100
aralia-cordata,800,1300
aralia-spinosa,800,2100
araucaria-heterophylla,800,4000
arbutus-arizonica,200,700
arbutus-menziesii,300,4200
arctagrostis-arundinacea,700,1600
arctagrostis-latifolia,700,1600
arctophila-fulva,200,500
arctostaphylos-alpinus,300,5100
arctostaphylos-bakeri,300,1600
arctostaphylos-coloradensis,400,2100
arctostaphylos-columbiana,300,900
arctostaphylos-glauca,200,500
arctostaphylos-hispidula,200,500
arctostaphylos-manzanita,300,1600
arctostaphylos-manzanita-subsp-elegans,300,1600
arctostaphylos-manzanita-subsp-glaucescens,300,1600
arctostaphylos-manzanita-subsp-laevigata,300,1600
arctostaphylos-manzanita-subsp-roofii,300,1600
arctostaphylos-manzanita-subsp-wieslanderi,300,1600
arctostaphylos-montana,200,500
arctostaphylos-nevadensis,400,2100
arctostaphylos-nortensis,300,900
arctostaphylos-parryana,200,500
arctostaphylos-patula,300,1600
arctostaphylos-pungens,200,500
arctostaphylos-uva-ursi-af36d6ab-97ea-4146-8581-3baf62d4f52f,300,1200
arctostaphylos-uva-ursi-ssp-adenotricha,300,1200
arctostaphylos-uva-ursi-ssp-coactilis,300,1200
arctostaphylos-uva-ursi-ssp-coloradensis,300,1200
arctostaphylos-uva-ursi-ssp-emundsii,300,1200
arctostaphylos-uva-ursi-ssp-longipilosa,300,-1
arctostaphylos-uva-ursi-ssp-monoensis,300,1200
arctostaphylos-uva-ursi-ssp-myrtifolia,300,1200
arctostaphylos-uva-ursi-ssp-sensitiva,300,1200
arctostaphylos-uva-ursi-ssp-stipitata,300,1200
arctous-rubra,300,5100
argemone-pinnatisecta,100,400
argemone-polyanthemos,200,400
argentina-anserina,200,1100
argyrochosma-limitanea-subsp-mexicana,0,600
arisaema-quinatum,800,1300
arisaema-triphyllum,800,1300
aristida-arizonica,0,400
armeria-alpina,800,1600
armeria-maritima,800,1600
armeria-maritima-subsp-californica,800,1600
armeria-maritima-subsp-elongata,800,1600
armeria-maritima-subsp-interior,800,1600
armeria-maritima-subsp-purpurea,800,1600
armeria-maritima-subsp-sibirica,800,1600
arnica-chamissonis,300,700
arnica-chamissonis-ssp-chamissonis-var-chamissonis,300,700
arnica-chamissonis-ssp-chamissonis-var-interior,300,700
arnica-chamissonis-ssp-foliosa-var-andina,300,700
arnica-chamissonis-ssp-foliosa-var-bernardina,300,-1
arnica-chamissonis-ssp-foliosa-var-incana,300,700
arnica-chamissonis-ssp-foliosa-var-maguirei,300,700
arnica-cordifolia,200,900
arnica-fulgens,400,1600
arnica-griscomii,800,2800
arnica-griscomii-subsp-frigida,800,2800
arnica-lanceolata-subsp-prima,500,1100
arnica-latifolia,300,1100
arnica-longifolia,400,1600
arnica-ovata,400,800
arrhenatherum-elatius,800,1200
arrhenatherum-elatius-subsp-bulbosum,800,1200
artemisia-arbuscula,100,600
artemisia-arbuscula-subsp-longicaulis,100,600
artemisia-arbuscula-subsp-longiloba,100,600
artemisia-arbuscula-subsp-thermopola,100,600
artemisia-arctica-subsp-arctica,200,1600
artemisia-cana,200,1100
artemisia-cana-subsp-bolanderi,200,1100
artemisia-cana-subsp-viscidula,200,1100
artemisia-frigida,200,1100
artemisia-furcata,300,800
artemisia-ludoviciana,200,1100
artemisia-ludoviciana-subsp-albula,200,1100
artemisia-ludoviciana-subsp-candicans,200,1100
artemisia-ludoviciana-subsp-estesii,200,1100
artemisia-ludoviciana-subsp-incompta,200,1100
artemisia-ludoviciana-subsp-lindleyana,200,1100
artemisia-ludoviciana-subsp-mexicana,200,1100
artemisia-ludoviciana-subsp-redolens,200,1100
artemisia-norvegica-subsp-saxatilis,200,1600
artemisia-nova,100,600
artemisia-rigida,200,1600
artemisia-rothrockii,100,500
artemisia-spiciformis,100,500
artemisia-tilesii,200,900
artemisia-tridentata,100,500
artemisia-tridentata-subsp-parishii,100,500
artemisia-tridentata-subsp-vaseyana,100,500
artemisia-tridentata-subsp-wyomingensis,100,500
artemisia-tridentata-subsp-xbonnevillensis,100,500
artemisia-tripartita,100,900
artemisia-tripartita-subsp-rupicola,100,900
artocarpus-altilis,1500,2600
arundinaria-gigantea,600,2600
arundinaria-tecta,1100,1600
arundo-donax,800,1700
asclepias-incarnata,300,1700
asclepias-incarnata-subsp-pulchra,300,1700
asclepias-speciosa,400,800
asclepias-tuberosa,700,1200
asclepias-tuberosa-subsp-rolfsii,700,1200
asimina-triloba,900,2100
asperula-tinctoria,800,1400
aster-alpinus-subsp-alpinus,400,1000
aster-alpinus-var-vierhapperi,400,1000
astragalus-canadensis,500,1300
astragalus-curvicarpus,200,1600
astragalus-lentiginosus,200,500
astragalus-mollissimus-var-mollissimus,300,800
astragalus-purshii-var-concinnus,200,600
astragalus-purshii-var-glareosus,200,600
astragalus-purshii-var-lagopinus,200,600
astragalus-purshii-var-lectulus,200,600
astragalus-purshii-var-ophiogenes,200,600
astragalus-purshii-var-pumilio,200,600
astragalus-purshii-var-purshii,200,600
astragalus-purshii-var-tinctus,200,600
athyrium-filix-femina-568f3749-10f9-4e31-a0fe-fb7129b201f2,700,1600
athyrium-filix-femina-ssp-angustum,700,1600
athyrium-filix-femina-ssp-asplenioides,700,1600
athyrium-filix-femina-ssp-cyclosorum,700,1600
atrichum-altecristatum,300,1400
atriplex-bonnevillensis,100,400
atriplex-canescens,100,500
atriplex-confertifolia,100,400
atriplex-cuneata,100,400
atriplex-falcata,100,400
atriplex-gardneri,100,400
atriplex-lentiformis,100,600
atriplex-nummularia,100,500
atriplex-polycarpa,0,400
atriplex-semibaccata,200,500
atriplex-tridentata,100,400
atriplex-welshii,100,400
atriplex-×aptera,300,-1
aurinia-saxatilis-subsp-orientalis,700,-1
avenella-flexuosa,800,1400
avicennia-germinans,800,2100
axonopus-compressus,1000,2600
baccharis-pilularis,200,1100
baccharis-salicina,200,500
baccharis-sarothroides,0,300
bacopa-rotundifolia,600,1700
balsamorhiza-careyana,100,600
balsamorhiza-hookeri,200,600
balsamorhiza-macrophylla,300,1100
balsamorhiza-sagittata,200,700
balsamorhiza-serrata,400,800
bambusa-balcooa,1500,2600
baptisia-tinctoria,800,1600
bassia-hyssopifolia,100,700
bassia-scoparia,200,1100
batis-maritima,700,1600
beckmannia-syzigachne,700,1600
beilschmiedia-pendula,1700,4500
berberis-fendleri,200,1100
berberis-thunbergii,700,1600
berlandiera-lyrata,300,900
betula-cordifolia,300,1600
betula-glandulosa,300,800
betula-lenta-f-uber,200,600
betula-nana,300,800
betula-nigra,700,2100
betula-occidentalis,300,1600
betula-pendula,700,1400
betula-pendula-subsp-mandshurica,300,1600
betula-populifolia,900,1700
betula-pubescens,900,1400
betula-pubescens-var-pumila,900,1400
betula-xalpestris-var-xsukaczewii,200,2600
bidens-aristosa,500,1400
bidens-aurea,800,1400
bidens-campylotheca-subsp-pentamera,800,1400
bidens-cernua,800,1400
bidens-coronata,800,1400
bidens-discoidea,800,1400
bidens-laevis,600,1400
bidens-mitis,800,1400
bidens-pilosa,500,2100
bistorta-bistortoides,200,800
bistorta-plumosa,900,1400
bistorta-vivipara,300,800
blechnum-spicant-subsp-nipponicum,700,1600
blechnum-spicant-var-elongatum,700,1600
boechera-holboellii,300,1600
boechera-stricta,300,1600
boehmeria-cylindrica,800,1300
boltonia-asteroides-var-asteroides,500,1400
boltonia-diffusa,500,1400
borrichia-frutescens,700,1600
bothriochloa-ischaemum,400,1100
bothriochloa-pertusa,500,2100
bothriochloa-saccharoides,200,1300
botrychium-lanceolatum-subsp-angustisegmentum,800,1600
botrychium-lanceolatum-subsp-lanceolatum,800,1600
botrychium-lunaria,300,1400
botrychium-minganense,300,1400
botrychium-virginianum-subsp-europaeum,300,1400
botrypus-virginianus-subsp-virginianus,300,1400
bouteloua-curtipendula,100,700
bouteloua-eriopoda,100,500
bouteloua-hirsuta,100,800
bouteloua-pectinata,100,800
brassica-juncea,700,2100
brassica-juncea-var-japonica,700,2100
brassica-napus,1000,2100
brassica-napus-f-annua,1000,2100
brassica-napus-var-pabularia,1000,2100
brassica-rapa,800,1400
brassica-rapa-var-silvestris,800,1400
brickellia-atractyloides,300,1600
bromelia-pinguin,800,2100
bromus-anomalus,0,600
bromus-biebersteinii,300,800
bromus-carinatus,500,2100
bromus-catharticus,400,800
bromus-hordeaceus-subsp-hordeaceus,300,600
bromus-inermis-ssp-inermis-var-divaricatus,600,1600
bromus-inermis-ssp-inermis-var-inermis,600,1600
bromus-inermis-ssp-pumpellianus-var-arcticus,600,1600
bromus-inermis-ssp-pumpellianus-var-pumpellianus,600,1600
bromus-inermis-subsp-inermis,600,1600
bromus-kalmii,800,1400
bromus-marginatus,200,600
bromus-pumpellianus,300,1100
bromus-rubens-subsp-rubens,100,500
bromus-sitchensis,900,1600
bromus-variegatus-subsp-villosulus,300,1100
bromus-vulgaris,200,600
calamagrostis-arenaria,700,1600
calamagrostis-breweri,600,1600
calamagrostis-canadensis,300,1700
calamagrostis-purpurea,300,1700
calamagrostis-rubescens,400,700
calamagrostis-stricta,600,1600
calliandra-eriophylla,0,300
callitriche-palustris,800,1400
calocedrus-decurrens,500,2100
calochortus-macrocarpus,100,500
caltha-leptosepala,400,1100
caltha-leptosepala-ssp-leptosepala-var-leptosepala,400,1100
caltha-leptosepala-ssp-leptosepala-var-sulfurea,400,1100
caltha-leptosepala-subsp-howellii,400,1100
caltha-palustris,700,1600
calycocarpum-lyonii,800,1400
camassia-quamash,400,1400
camassia-quamash-subsp-azurea,400,1400
camassia-quamash-subsp-breviflora,400,1400
camassia-quamash-subsp-intermedia,400,1400
camassia-quamash-subsp-linearis,400,1400
camassia-quamash-subsp-maxima,400,1400
camassia-quamash-subsp-utahensis,400,1400
camassia-quamash-subsp-walpolei,400,1400
camassia-scilloides,700,1400
campanula-aparinoides,500,1600
capparis-spinosa-subsp-cordifolia,800,5100
caragana-arborescens,300,1400
cardamine-breweri,400,1400
cardamine-bulbosa,700,1400
cardamine-pensylvanica,800,1400
cardamine-umbellata,300,1300
carduus-carlinoides-subsp-carlinoides,800,1600
carduus-carlinoides-subsp-hispanicus,800,1600
carex-acuta,700,1600
carex-albolutescens,400,1700
carex-amphibola,700,1400
carex-angustata,700,1600
carex-annectens,300,1400
carex-aperta,600,1600
carex-aquatilis-var-minor,300,1700
carex-arctiformis,300,1100
carex-atherodes,300,1600
carex-athrostachya,300,1100
carex-atlantica,1000,1400
carex-atlantica-subsp-capillacea,1000,1400
carex-baileyi,300,1400
carex-bebbii,300,1400
carex-bella,200,1100
carex-bigelowii,900,1400
carex-blanda,900,1600
carex-boecheriana,400,1400
carex-breweri,800,1400
carex-bushii,900,1600
carex-canescens-subsp-canescens,300,1100
carex-canescens-subsp-disjuncta,300,1100
carex-capillaris,400,1400
carex-capillaris-subsp-fuscidula,400,1400
carex-capillaris-var-major,400,1400
carex-caryophyllea,200,2600
carex-cephalophora,900,1400
carex-chlorostachys,400,1400
carex-crinita,900,1700
carex-crus-corvi,800,1600
carex-dacica,900,1400
carex-decomposita,900,1400
carex-demissa,200,1100
carex-deweyana,400,1400
carex-douglasii,300,700
carex-echinata-subsp-echinata,900,1400
carex-echinata-subsp-phyllomanica,900,1400
carex-emoryi,300,1700
carex-filifolia,200,700
carex-flava,900,1400
carex-geyeri,300,600
carex-glaucescens,900,1400
carex-grayi,900,1400
carex-halliana,900,1600
carex-hendersonii,400,1000
carex-hormathodes,900,1400
carex-hyalinolepis,800,1400
carex-interior,300,1400
carex-intumescens,900,1400
carex-joorii,900,1400
carex-kobomugi,900,1400
carex-krausei,400,1400
carex-krausei-subsp-porsildiana,400,1400
carex-lacustris,800,1400
carex-lapponica,300,1100
carex-lenticularis-var-lenticularis,900,1400
carex-lepidocarpa,200,1100
carex-leptalea,600,1400
carex-leptalea-subsp-harperi,600,1400
carex-leptalea-subsp-pacifica,600,1400
carex-leptonervia,800,1400
carex-leptopoda,400,1400
carex-livida,300,1200
carex-lupulina,600,1700
carex-lurida,500,1700
carex-luzulina,300,700
carex-lyngbyei,100,3600
carex-magellanica-subsp-magellanica,900,1400
carex-mariposana,300,1600
carex-mertensii,600,1600
carex-microptera,200,700
carex-molesta,600,1400
carex-nebrascensis,300,900
carex-normalis,800,1400
carex-obnupta,1000,1700
carex-oederi-var-oederi,200,1100
carex-pachystachya,400,1600
carex-praegracilis,200,700
carex-prasina,800,1400
carex-projecta,800,1400
carex-ramenskii,100,900
carex-raynoldsii,700,1600
carex-rostrata-var-ambigens,200,1100
carex-scabrata,800,1400
carex-scirpoidea,800,1400
carex-scirpoidea-var-convoluta,800,-1
carex-scirpoidea-var-pseudoscirpoidea,800,1400
carex-scirpoidea-var-stenochlaena,800,-1
carex-scopulorum,200,600
carex-shortiana,800,1400
carex-simulata,200,700
carex-squarrosa,800,1400
carex-stipata,300,1300
carex-straminea,900,1400
carex-tenera,700,1300
carex-torta,800,1300
carex-tribuloides,800,1300
carex-trichocarpa,400,1400
carex-trisperma-var-billingsii,800,1400
carex-trisperma-var-trisperma,800,1400
carex-utriculata,400,1600
carex-vesicaria,200,1100
carex-viridula-ssp-brachyrrhyncha-var-elatior,200,1100
carex-viridula-ssp-brachyrrhyncha-var-saxilittoralis,200,-1
carex-vulpinoidea,300,1700
carica-papaya,1500,2100
carnegiea-gigantea,0,300
carphephorus-paniculatus,700,1600
carpinus-caroliniana,500,2100
carpinus-caroliniana-subsp-virginiana,500,2100
carpinus-tropicalis,500,2100
carya-carolinae-septentrionalis,700,2100
carya-illinoiensis,700,2100
carya-ovalis,700,2100
cassiope-tetragona,500,1600
cassiope-tetragona-subsp-saximontana,500,1600
castanea-mollissima,800,1300
castilleja-angustifolia,300,1200
castilleja-applegatei,200,500
castilleja-applegatei-subsp-martinii,200,500
castilleja-applegatei-subsp-pallida,200,500
castilleja-applegatei-subsp-pinetorum,200,500
castilleja-coccinea,600,1400
castilleja-disticha,200,500
castilleja-hispida,200,500
castilleja-hispida-subsp-acuta,200,500
castilleja-hispida-subsp-brevilobata,200,500
castilleja-sessiliflora,400,900
casuarina-cunninghamiana,600,1600
casuarina-glauca,600,1600
catalpa-bignonioides,700,1700
catalpa-speciosa,500,2100
ceanothus-americanus,300,900
ceanothus-cuneatus,400,1000
ceanothus-divergens-var-occidentalis,400,1100
ceanothus-fresnensis,400,1600
ceanothus-gloriosus,400,1100
ceanothus-greggii-var-greggii,200,1100
ceanothus-integerrimus,400,1100
ceanothus-megacarpus,200,700
ceanothus-megacarpus-var-insularis,200,700
ceanothus-perplexans,200,1100
ceanothus-prostratus,400,1100
ceanothus-velutinus,300,1100
ceanothus-×flexilis,600,900
cecropia-schreberiana,900,4000
cedrus-deodara,500,2100
celastrus-scandens,700,1600
celtis-iguanaea,100,400
celtis-laevigata,500,2100
celtis-occidentalis,300,1600
cenchrus-ciliaris,300,900
cephalanthus-tetrandra,500,2100
cephalotaxus-harringtonia,800,1600
ceratophyllum-demersum,200,1400
cercis-canadensis,500,2100
cercis-canadensis-var-mexicana,500,2100
cercis-canadensis-var-texensis,500,2100
cercocarpus-intricatus,200,1200
cercocarpus-ledifolius,200,1200
cercocarpus-montanus,200,2100
cercocarpus-montanus-var-blancheae,200,2100
chaenactis-douglasii,300,1600
chaenactis-douglasii-var-rubricaulis,300,1600
chaenactis-douglasii-var-typicus,300,1600
chaenomeles-japonica,800,1600
chamaebatiaria-millefolium,300,1600
chamaecrista-fasciculata,300,1200
chamaecyparis-lawsoniana,1200,2800
chamaecyparis-thyoides,1000,1800
chamaedaphne-calyculata,800,1800
chasmanthium-latifolium,600,1700
chasmanthium-laxum,800,1600
chilopsis-linearis,100,600
chilopsis-linearis-subsp-arcuata,100,600
chimaphila-umbellata,700,1400
chloris-gayana,700,1600
chloropyron-maritimum,400,900
chloropyron-maritimum-subsp-canescens,400,900
chloropyron-maritimum-subsp-palustre,400,900
choisya-dumosa,200,500
chrysolepis-sempervirens,800,2100
chrysothamnus-humilis,100,700
chrysothamnus-viscidiflorus,100,700
chrysothamnus-viscidiflorus-ssp-viscidiflorus-var-latifolius,100,700
chrysothamnus-viscidiflorus-ssp-viscidiflorus-var-stenophyllus,100,-1
chrysothamnus-viscidiflorus-ssp-viscidiflorus-var-viscidiflorus,100,700
chrysothamnus-viscidiflorus-subsp-axillaris,100,700
chrysothamnus-viscidiflorus-subsp-lanceolatus,100,700
chrysothamnus-viscidiflorus-subsp-planifolius,100,700
chrysothamnus-viscidiflorus-subsp-puberulus,100,700
chrysothamnus-viscidiflorus-subsp-typicus,100,700
chylismia-cardiophylla,300,1300
chylismia-cardiophylla-subsp-robusta,300,1300
cibotium-chamissoi,700,2300
cibotium-glaucum,700,2300
cichorium-intybus,500,1600
cichorium-intybus-var-sativum,500,1600
cinna-latifolia,400,1600
circaea-alpina,400,1400
circaea-alpina-subsp-pacifica,400,1400
cirsium-foliosum,300,1300
cirsium-parryi,800,1400
cissus-repanda,800,1400
citrus-taitensis,1500,2600
cladium-mariscus-subsp-jamaicense,800,1600
clarkia-gracilis,300,700
clarkia-gracilis-subsp-albicaulis,300,700
clarkia-gracilis-subsp-sonomensis,300,700
clarkia-gracilis-subsp-tracyi,300,700
claytonia-parviflora-subsp-viridis,300,1000
claytonia-perfoliata,300,1000
claytonia-perfoliata-subsp-intermontana,300,1000
claytonia-perfoliata-subsp-mexicana,300,1000
claytosmunda-claytoniana-subsp-claytoniana,800,1400
clematis-ligusticifolia,300,600
clematis-ligusticifolia-var-californica,300,600
clematis-virginiana,800,1400
cleomella-lutea,200,500
cleomella-serrulata,300,1400
clermontia-arborescens,300,700
clermontia-arborescens-subsp-waihiae,300,700
clermontia-arborescens-subsp-waikoluensis,300,700
clethra-alnifolia,800,1600
coccoloba-uvifera,500,1600
cocos-nucifera,500,2100
coffea-arabica,1500,2600
coleataenia-rigidula,800,1700
coleogyne-ramosissima,100,500
collinsia-parviflora,400,1300
colutea-arborescens,600,1200
colutea-arborescens-subsp-gallica,600,1200
commelina-diffusa-var-gigas,800,1600
commelina-virginica,800,1600
conoclinium-coelestinum,600,1600
convallaria-majalis,800,1700
coprosma-ochracea,200,500
cordylanthus-eremicus,200,600
cordylanthus-ramosus,200,600
coreopsis-tinctoria,500,1400
coreopsis-tinctoria-var-imminuta,500,1400
cornus-amomum,900,1600
cornus-asperifolia,900,1600
cornus-drummondii,800,1400
cornus-foemina,900,1600
cornus-mas,700,1300
cornus-nuttallii,300,2600
cornus-obliqua,900,1600
cornus-racemosa,600,1600
cornus-rugosa,400,1200
cornus-sericea,400,1600
cornus-torreyi,600,1600
corydalis-caseana,300,2100
corydalis-caseana-ssp-aquae-gelidae,300,2100
corydalis-caseana-subsp-brachycarpa,300,2100
corydalis-caseana-subsp-brandegeei,300,2100
corydalis-caseana-subsp-cusickii,300,2100
corydalis-caseana-subsp-hastata,300,2100
corydalis-flavula,800,1400
corylus-cornuta-subsp-californica,500,2100
corylus-cornuta-subsp-cornuta,500,2100
cotoneaster-floccosus,700,1300
cotoneaster-horizontalis,800,1600
cotoneaster-integerrimus,300,800
cotoneaster-salicifolius,700,1300
crataegus-aestivalis,800,1600
crataegus-crus-galli,600,1600
crataegus-erythropoda,400,900
crataegus-macracantha,400,6700
crataegus-marshallii,800,1600
crataegus-monogyna,600,1600
crataegus-ovata,900,1600
crepis-acuminata,200,600
crepis-modocensis,200,600
crepis-modocensis-subsp-glareosa,200,600
crepis-modocensis-subsp-rostrata,200,600
crepis-modocensis-subsp-subacaulis,200,600
crepis-occidentalis,300,600
crepis-occidentalis-subsp-conjuncta,300,600
crepis-occidentalis-subsp-costata,300,600
crepis-occidentalis-subsp-pumila,300,600
crepis-occidentalis-var-nevadensis,300,600
crepis-runcinata,400,900
crepis-runcinata-subsp-andersonii,400,900
crepis-runcinata-subsp-barberi,400,900
crepis-runcinata-subsp-glauca,400,900
crepis-runcinata-subsp-hallii,400,900
crepis-runcinata-subsp-hispidulosa,400,900
crepis-runcinata-subsp-imbricata,400,900
crescentia-linearifolia,500,1100
crescentia-portoricensis,1500,5100
cressa-truxillensis,200,400
croptilon-divaricatum,400,1300
crotalaria-juncea,500,4300
crotalaria-spectabilis,800,2900
croton-glandulosus-var-arenicola,300,1400
croton-glandulosus-var-floridanus,300,1400
croton-glandulosus-var-glandulosus,300,1400
croton-glandulosus-var-lindheimeri,300,1400
croton-glandulosus-var-pubentissimus,300,1400
croton-glandulosus-var-septentrionalis,300,1400
cruciata-taurica-subsp-glaberrima,300,1400
cucurbita-foetidissima,100,1100
cupania-americana,1000,4100
cupressus-arizonica-var-arizonica,400,800
cyathea-arborea,1000,4100
cycnium-tubulosum,600,1600
cynodon-dactylon,800,2600
cyperus-acuminatus,600,1400
cyperus-bipartitus,700,1300
cyperus-erythrorhizos,300,1300
cyperus-esculentus,300,1400
cyperus-esculentus-var-hermannii,300,1400
cyperus-flavescens,600,1400
cyperus-haspan,800,1600
cyperus-lancastriensis,800,1400
cyperus-polystachyos,800,1400
cyperus-pseudovegetus,700,1400
cyperus-strigosus,400,1600
cyrilla-racemiflora,1000,1800
cytisus-scoparius,700,1600
dacryodes-excelsa,2000,4100
dactylis-glomerata,600,1600
dactylis-glomerata-subsp-hispanica,600,1600
dactylis-glomerata-subsp-lobata,600,1600
dactylis-glomerata-subsp-lusitanica,600,1600
dactylis-glomerata-subsp-woronowii,600,1600
dactylis-smithii,600,1600
dalea-candida,300,600
dalea-formosa,300,600
dalea-purpurea,400,700
damasonium-californicum,300,500
danthonia-californica,100,1100
danthonia-compressa,800,1400
danthonia-intermedia,100,600
danthonia-unispicata,300,4000
dasiphora-fruticosa,400,1100
dasylirion-wheeleri,100,400
decodon-verticillatus,700,1600
delonix-regia,1000,2600
delphinium-andersonii,300,700
delphinium-glaucum,1300,3200
dendrophorbium-amplexicaule,500,1100
deschampsia-caespitosa-var-glauca,300,700
deschampsia-cespitosa,300,700
deschampsia-cespitosa-subsp-holciformis,300,700
deschampsia-cespitosa-subsp-parviflora,300,700
deschampsia-cespitosa-subsp-septentrionalis,300,700
deschampsia-danthonioides,300,800
deschampsia-elongata,200,700
desmanthus-illinoensis,400,700
desmanthus-virgatus,700,2100
desmodium-incanum,900,3000
desmodium-intortum,500,4100
desmodium-paniculatum,1100,2300
desmodium-perplexum,500,1600
desmodium-procumbens,500,2100
deutzia-gracilis,800,1400
dicentra-formosa,1300,4000
dicentra-formosa-subsp-oregona,1300,4000
dicentra-nevadensis,1300,4000
dichanthium-annulatum,600,1600
dichanthium-annulatum-var-papillosum,600,1600
dichanthium-aristatum,600,1600
dichelyma-uncinatum,100,500
didymodon-revolutus,200,500
diervilla-lonicera,800,1300
dieteria-bigelovii,100,500
digitaria-aequiglumis,700,1600
digitaria-californica,100,400
digitaria-ciliaris,800,1300
digitaria-eriantha,800,1600
diospyros-virginiana,700,2100
diplachne-fusca-subsp-fascicularis,300,1700
diplacus-nanus,200,1100
distichlis-spicata,100,1800
dodecatheon-meadia-subsp-meadia,700,1400
dodonaea-viscosa,200,900
dodonaea-viscosa-subsp-angustissima,200,900
dodonaea-viscosa-subsp-cuneata,200,900
dodonaea-viscosa-subsp-spatulata,200,900
downingia-bicornuta,300,900
downingia-laeta,300,700
dryas-drummondii,300,1100
dryas-drummondii-var-eglandulosa,300,1100
dryas-drummondii-var-tomentosa,300,1100
dryas-integrifolia,300,900
dryas-octopetala,300,900
dryas-octopetala-f-argentea,300,900
dryas-octopetala-ssp-octopetala-var-angustifolia,300,900
dryas-octopetala-ssp-octopetala-var-kamtschatica,300,-1
dryas-octopetala-ssp-octopetala-var-octopetala,300,-1
dryas-octopetala-subsp-alaskensis,300,900
dryas-octopetala-subsp-hookeriana,300,900
drymocallis-arguta,200,1300
drymocallis-arguta-subsp-convallaria,200,1300
drymocallis-glandulosa,200,900
drymocallis-glandulosa-subsp-arizonica,200,900
drymocallis-glandulosa-subsp-ashlandica,200,900
drymocallis-glandulosa-subsp-ewanii,200,900
drymocallis-glandulosa-subsp-glabrata,200,900
drymocallis-glandulosa-subsp-globosa,200,900
drymocallis-glandulosa-subsp-hansenii,200,900
drymocallis-glandulosa-subsp-micropetala,200,900
drymocallis-glandulosa-subsp-nevadensis,200,900
drymocallis-glandulosa-subsp-pseudorupestris,200,900
drymocallis-glandulosa-subsp-reflexa,200,900
drymocallis-lactea-var-austinae,200,900
dryopteris-australis,300,1400
dryopteris-cristata,300,1400
dulichium-arundinaceum,400,1600
dulichium-arundinaceum-var-boreale,400,1600
dupoa-labradorica,100,6000
echinacea-angustifolia,300,1100
echinacea-pallida,300,1100
echinacea-purpurea,300,1100
echinochloa-colona,300,1600
echinochloa-frumentacea,400,1600
echinochloa-walteri,700,1300
elaeagnus-angustifolia,300,1100
elaeagnus-commutata,400,1200
elaeagnus-umbellata,600,1300
eleocharis-acicularis,300,1300
eleocharis-acicularis-var-porcata,300,1300
eleocharis-cellulosa,900,1600
eleocharis-compressa,600,1600
eleocharis-compressa-var-acutisquamata,600,1600
eleocharis-equisetoides,800,1600
eleocharis-erythropoda,400,1600
eleocharis-microcarpa,300,1000
eleocharis-palustris,400,1600
eleocharis-palustris-var-vigens,400,1600
eleocharis-parvula,400,1600
eleocharis-quadrangulata,600,1600
eleocharis-rostellata,200,1400
eleocharis-tenuis,600,1600
eleocharis-tenuis-var-pseudoptera,600,1600
eleocharis-tenuis-var-verrucosa,600,1600
elephantopus-mollis,800,1400
elliottia-pyroliflora,1000,5100
elodea-canadensis,300,1600
elymus-bakeri,200,700
elymus-canadensis,500,1200
elymus-elymoides,100,500
elymus-elymoides-subsp-californicus,100,500
elymus-glabriflorus-var-glabriflorus,400,1600
elymus-glaucus-subsp-glaucus,400,1600
elymus-glaucus-subsp-mackenzii,400,1600
elymus-glaucus-subsp-virescens,400,1600
elymus-hordeoides,100,500
elymus-lanceolatus,600,1400
elymus-longifolius,100,500
elymus-repens,600,1700
elymus-repens-subsp-elongatiformis,600,1700
elymus-sibiricus,600,1400
elymus-violaceus,200,700
elymus-virginicus,600,1400
empetrum-nigrum,400,1400
encelia-farinosa,100,300
engelmannia-peristenia,300,900
ephedra-nevadensis,100,400
ephedra-torreyana,200,400
ephedra-torreyana-var-powelliorum,200,400
ephedra-trifurca,100,300
ephedra-viridis,100,400
epilobium-angustifolium,200,1400
epilobium-coloratum,500,1400
epilobium-glaberrimum,300,600
epilobium-glaberrimum-subsp-fastigiatum,300,600
epilobium-leptophyllum,300,1300
epilobium-subdentatum,100,1800
equisetum-arvense,500,2600
equisetum-fluviatile,700,1400
equisetum-laevigatum,200,1200
equisetum-sylvaticum,500,2600
eragrostis-curvula,300,1100
eragrostis-hypnoides,400,1600
eragrostis-intermedia,100,500
eragrostis-lehmanniana,200,800
eragrostis-spectabilis,200,1600
eragrostis-superba,300,1100
eragrostis-trichodes,300,900
eragrostis-variabilis,400,1800
eremochloa-ophiuroides,900,1600
ericameria-nauseosa-ssp-nauseosa-var-nauseosa,100,600
ericameria-pinifolia,200,500
erigeron-acris,400,1400
erigeron-annuus,300,1400
erigeron-canadensis,300,1400
erigeron-compositus,200,700
erigeron-eatonii,200,400
erigeron-filifolius,200,1600
erigeron-ochroleucus-var-ochroleucus,900,1400
erigeron-peregrinus,300,600
erigeron-peregrinus-ssp-callianthemus-var-callianthemus,300,600
erigeron-peregrinus-ssp-callianthemus-var-hirsutus,300,600
erigeron-peregrinus-ssp-peregrinus-var-dawsonii,300,-1
erigeron-peregrinus-ssp-peregrinus-var-peregrinus,300,600
erigeron-peregrinus-ssp-peregrinus-var-thompsonii,300,-1
erigeron-peregrinus-var-thompsonii,300,600
erigeron-petrophilus,400,800
erigeron-petrophilus-var-sierrensis,400,800
erigeron-philadelphicus-var-glaber,400,1400
erigeron-philadelphicus-var-philadelphicus,400,1400
erigeron-philadelphicus-var-provancheri,400,1400
erigeron-strigosus-var-septentrionalis,300,1400
erigeron-strigosus-var-strigosus,300,1400
erigeron-uniflorus,300,600
eriocaulon-compressum,1000,1600
eriocaulon-decangulare-var-decangulare,1000,1600
eriocaulon-decangulare-var-minor,1000,1600
eriodictyon-californicum,200,700
eriogonum-crosbyae,200,500
eriogonum-effusum,200,700
eriogonum-elatum,200,500
eriogonum-elatum-var-villosum,200,500
eriogonum-fasciculatum,200,600
eriogonum-fasciculatum-var-flavoviride,200,600
eriogonum-fasciculatum-var-foliolosum,200,600
eriogonum-fasciculatum-var-polifolium,200,600
eriogonum-latens,200,500
eriogonum-marifolium,400,900
eriogonum-microtheca,200,700
eriogonum-microtheca-var-laxiflorum,200,700
eriogonum-microtheca-var-simpsonii,200,700
eriogonum-microthecum,200,700
eriogonum-microthecum-subsp-laxiflorum,200,-1
eriogonum-microthecum-var-alpinum,200,700
eriogonum-microthecum-var-ambiguum,200,700
eriogonum-microthecum-var-corymbosoides,200,700
eriogonum-microthecum-var-crispum,200,-1
eriogonum-microthecum-var-johnstonii,200,-1
eriogonum-microthecum-var-lapidicola,200,700
eriogonum-microthecum-var-laxiflorum,200,700
eriogonum-microthecum-var-panamintense,200,700
eriogonum-niveum,100,500
eriogonum-sphaerocephalum,200,500
eriogonum-sphaerocephalum-var-fasciculifolium,200,500
eriogonum-sphaerocephalum-var-halimioides,200,500
eriogonum-sphaerocephalum-var-sublineare,200,500
eriogonum-strictum,200,500
eriogonum-strictum-ssp-proliferum-var-anserinum,200,500
eriogonum-strictum-ssp-proliferum-var-glabrum,200,500
eriogonum-strictum-ssp-proliferum-var-proliferum,200,500
eriogonum-strictum-var-anserinum,200,500
eriogonum-strictum-var-greenei,200,500
eriogonum-strictum-var-proliferum,200,500
eriogonum-thymoides,200,500
eriogonum-umbellatum,300,1100
eriogonum-umbellatum-var-argus,300,1100
eriogonum-umbellatum-var-aureum,300,1100
eriogonum-umbellatum-var-bahiiforme,300,1100
eriogonum-umbellatum-var-chlorothamnus,300,1100
eriogonum-umbellatum-var-cladophorum,300,1100
eriogonum-umbellatum-var-cognatum,300,1100
eriogonum-umbellatum-var-covillei,300,1100
eriogonum-umbellatum-var-deserticum,300,1100
eriogonum-umbellatum-var-devestivum,300,1100
eriogonum-umbellatum-var-dichrocephalum,300,1100
eriogonum-umbellatum-var-dumosum,300,1100
eriogonum-umbellatum-var-ellipticum,300,1100
eriogonum-umbellatum-var-furcosum,300,1100
eriogonum-umbellatum-var-glaberrimum,300,1100
eriogonum-umbellatum-var-goodmanii,300,1100
eriogonum-umbellatum-var-hausknechtii,300,1100
eriogonum-umbellatum-var-humistratum,300,1100
eriogonum-umbellatum-var-hypoleium,300,1100
eriogonum-umbellatum-var-juniporinum,300,1100
eriogonum-umbellatum-var-majus,300,1100
eriogonum-umbellatum-var-minus,300,1100
eriogonum-umbellatum-var-modocense,300,1100
eriogonum-umbellatum-var-munzii,300,1100
eriogonum-umbellatum-var-nevadense,300,1100
eriogonum-umbellatum-var-polyanthum,300,1100
eriogonum-umbellatum-var-porteri,300,1100
eriogonum-umbellatum-var-speciosum,300,1100
eriogonum-umbellatum-var-subaridum,300,1100
eriogonum-umbellatum-var-torreyanum,300,1100
eriogonum-umbellatum-var-vernum,300,1100
eriogonum-umbellatum-var-versicolor,300,1100
eriogonum-wrightii,200,400
eriogonum-wrightii-var-membranaceum,200,400
eriogonum-wrightii-var-nodosum,200,400
eriogonum-wrightii-var-olanchense,200,400
eriogonum-wrightii-var-subscaposum,200,400
eriogonum-wrightii-var-trachygonum,200,400
eriophorum-angustifolium,600,1400
eriophorum-angustifolium-subsp-triste,600,1400
eriophorum-gracile-subsp-gracile,600,1400
eriophorum-virginicum,800,1300
erodium-botrys,300,700
erysimum-capitatum,300,800
erythranthe-arenicola,200,700
erythranthe-arvensis,200,700
erythranthe-guttata,200,700
erythranthe-linearifolia,600,1600
erythranthe-primuloides,600,1600
erythranthe-scouleri,200,700
erythrina-sandwicensis,600,900
erythrina-tahitensis,600,900
erythrina-variegata,1500,2600
eschscholzia-californica,200,500
eschscholzia-californica-subsp-mexicana,200,500
eucalyptus-camaldulensis,500,2600
eucalyptus-globulus,500,1600
eucalyptus-globulus-subsp-bicostata,500,1600
eucalyptus-globulus-subsp-maidenii,500,1600
eucalyptus-grandis,1000,1800
eucalyptus-leucoxylon,500,2600
eucalyptus-robusta,1000,6400
eucalyptus-saligna,1500,5100
eucephalus-engelmannii,300,1100
euonymus-alatus,600,1700
euonymus-alatus-var-apterus,600,1700
euonymus-alatus-var-ciliato-dentatus,600,1700
euonymus-americana,800,1800
euonymus-fortunei,800,1400
euonymus-fortunei-var-radicans,800,1400
euonymus-japonicus,800,1400
eurybia-glauca,200,600
eurybia-integrifolia,200,1600
eurybia-macrophylla,800,1400
euthamia-occidentalis,400,900
eutrochium-maculatum,800,1300
fagopyrum-esculentum,300,1300
fagopyrum-tataricum,800,1400
fagus-grandifolia,700,2100
fallugia-paradoxa,100,600
felicia-filifolia,200,1600
fendlera-rupicola,200,900
ferotrefle-wislizeni,200,-1
festuca-arizonica,200,500
festuca-californica,300,600
festuca-campestris,400,700
festuca-idahoensis,300,600
festuca-idahoensis-subsp-roemeri,300,600
festuca-occidentalis,300,1200
festuca-ovina,600,1600
festuca-prolifera,600,1600
festuca-richardsonii,600,1600
festuca-rivularis,600,1600
festuca-rubra,600,1600
festuca-rubra-ssp-rubra-var-planifolia,600,1600
festuca-rubra-subsp-falax,600,1600
festuca-rubra-subsp-megastachys,600,1600
festuca-subulata,200,900
festuca-subverticillata,800,1600
festuca-thurberi,200,700
festuca-trachyphylla,300,700
festuca-viridula,1000,1600
flourensia-cernua,200,700
forestiera-acuminata,800,1300
forestiera-pubescens,200,700
forsythia-suspensa,800,1600
forsythia-x-intermedia,800,1600
fothergilla-gardenii,800,2300
fouquieria-splendens,100,400
fragaria-chiloensis,400,1600
fragaria-chiloensis-subsp-lucida,400,1600
fragaria-chiloensis-subsp-pacifica,400,1600
fragaria-chiloensis-subsp-sandwicensis,400,1600
frangula-alnus,800,1600
frangula-betulifolia,300,900
frangula-californica,300,700
frangula-caroliniana,400,1300
frangula-purshiana,300,1200
frangula-purshiana-subsp-annonifolia,300,1200
frangula-purshiana-subsp-ultramafica,300,1200
franklinia-alatamaha,800,1600
fraxinus-americana,700,2100
fraxinus-anomala,200,600
fraxinus-caroliniana,900,1700
fraxinus-latifolia,500,3000
fraxinus-nigra,500,1300
fraxinus-pennsylvanica,300,1000
fraxinus-profunda,900,1800
fremontodendron-californicum,300,900
fremontodendron-decumbens,300,900
fritillaria-pudica,200,500
furcraea-tuberosa,700,1300
gaillardia-aristata,400,800
gaillardia-pulchella,100,500
galium-antarcticum,400,1400
galium-aparine,300,1400
galium-asprellum,700,1300
galium-circaezans,500,1400
galium-domingense,400,1400
galium-obtusum,700,1400
galium-obtusum-subsp-australe,700,1400
galium-obtusum-subsp-filifolium,700,1400
galium-oreganum,200,400
galium-spurium-subsp-spurium,300,1400
galium-trifidum-subsp-columbianum,400,1400
galium-trifidum-subsp-halophilum,400,1400
galium-trifidum-subsp-subbiflorum,400,1400
galium-trifidum-subsp-trifidum,400,1400
garrya-wrightii,200,400
gaultheria-hispidula,700,1600
gaultheria-procumbens,800,1600
gaultheria-shallon,1300,3200
gaylussacia-baccata,700,1600
gaylussacia-dumosa,700,1600
gaylussacia-frondosa,800,1600
gentiana-andrewsii,900,1600
gentiana-andrewsii-var-dakotica,900,1600
gentiana-calycosa,600,1600
gentiana-clausa,900,1600
geranium-erianthum,500,7100
geranium-oreganum,1300,3200
geranium-richardsonii,200,800
geranium-viscosissimum,200,500
geum-canadense,300,1600
geum-laciniatum,900,1400
geum-laciniatum-var-trichocarpum,900,1400
geum-macrophyllum,300,1400
geum-macrophyllum-var-perincisum,300,1400
geum-rivale,700,1400
geum-rossii-var-turbinatum,200,500
geum-triflorum,400,1100
geum-triflorum-var-campanulatum,400,1100
geum-triflorum-var-canescens,400,1100
geum-triflorum-var-ciliatum,400,1100
geum-vernum,700,1400
ginkgo-biloba,1000,1700
gleditsia-aquatica,400,1800
gleditsia-triacanthos,500,1800
gliricidia-sepium,1500,2100
glyceria-borealis,700,1300
glyceria-canadensis,500,1300
glyceria-melicaria,800,1300
glyceria-obtusa,1000,1300
glyceria-striata,200,1600
glycine-max,400,1500
glycyrrhiza-lepidota,300,1100
grayia-spinosa,200,700
grevillea-robusta,700,2500
guaiacum-officinale,1000,1600
guaiacum-sanctum,800,1600
gutierrezia-sarothrae,100,800
gynerium-sagittatum,1000,3500
hackelia-deflexa-subsp-americana,300,800
halerpestes-cymbalaria,300,1300
halesia-carolina,1000,2100
halesia-diptera,800,1800
hamamelis-virginiana,700,1600
hedera-canariensis,700,1700
hedera-taurica,700,1700
hedysarum-alpinum,700,2100
hedysarum-alpinum-var-americanum,700,2100
hedysarum-alpinum-var-grandiflorum,700,2100
hedysarum-alpinum-var-philoscia,700,2100
hedysarum-boreale,300,500
hedysarum-boreale-ssp-boreale-var-boreale,200,1000
hedysarum-boreale-ssp-boreale-var-gremiale,300,500
hedysarum-boreale-subsp-mackenziei,300,500
hedysarum-sulphurescens,200,600
helenium-autumnale,200,1600
helenium-flexuosum,500,1600
helianthella-quinquenervis,200,900
helianthus-angustifolius,600,1700
helianthus-annuus,300,1600
helianthus-annuus-var-armavirskij,300,1600
helianthus-annuus-var-bicolor,300,1600
helianthus-annuus-var-californicus,300,1600
helianthus-annuus-var-gallardiflorus,300,1600
helianthus-annuus-var-intermedius,300,1600
helianthus-annuus-var-uniflorus,300,1600
helianthus-annuus-var-vinossissimus,300,1600
helianthus-annuus-var-zonatus,300,1600
helianthus-debilis,800,1600
helianthus-debilis-subsp-cucumerifolius,800,1600
helianthus-debilis-subsp-silvestris,800,1600
helianthus-debilis-subsp-tardiflorus,800,1600
helianthus-debilis-subsp-vestitus,800,1600
helianthus-debilis-var-purpureus,800,1600
helianthus-maximiliani,400,900
helianthus-nuttallii,300,600
helianthus-nuttallii-subsp-parishii,300,600
helianthus-nuttallii-subsp-rydbergii,300,600
helianthus-praecox,800,1600
helianthus-praecox-subsp-runyonii,800,1600
helianthus-praecox-var-hirtus,800,1600
helianthus-tuberosus,300,1400
heliopsis-helianthoides-var-scabra,600,1100
heliotropium-curassavicum,200,700
heliotropium-curassavicum-var-argentinum,200,700
heliotropium-curassavicum-var-fruticulosum,200,700
heliotropium-curassavicum-var-obovatum,200,700
heliotropium-curassavicum-var-oculatum,200,700
hemarthria-altissima,800,1800
hemerocallis-citrina,700,1600
hemerocallis-citrina-var-vespertina,700,1600
hemerocallis-coreana,700,1600
hemerocallis-darrowiana,700,1600
hemerocallis-dumortieri,700,1600
hemerocallis-forrestii,700,1600
hemerocallis-fulva,700,1600
hemerocallis-fulva-var-angustifolia,700,1600
hemerocallis-fulva-var-aurantiaca,700,1600
hemerocallis-fulva-var-littorea,700,1600
hemerocallis-fulva-var-longituba,700,1600
hemerocallis-fulva-var-pauciflora,700,1600
hemerocallis-fulva-var-sempervirens,700,1600
hemerocallis-hakuunensis,700,1600
hemerocallis-lilioasphodelus,700,1600
hemerocallis-major,700,1600
hemerocallis-middendorffii,700,1600
hemerocallis-middendorffii-var-esculenta,700,1600
hemerocallis-middendorffii-var-exaltata,700,1600
hemerocallis-middendorffii-var-longibracteata,700,1600
hemerocallis-minor,700,1600
hemerocallis-multiflora,700,1600
hemerocallis-nana,700,1600
hemerocallis-plicata,700,1600
hemerocallis-thunbergii,700,1600
hemerocallis-x-exilis,700,1600
hemerocallis-x-fallaxlittoralis,700,1600
hemerocallis-yezoensis,700,1600
heracleum-sphondylium-subsp-montanum,300,1200
hesperis-matronalis,800,1600
hesperocyparis-nevadensis,400,800
hesperocyparis-stephensonii,400,800
hesperostipa-comata-var-comata,100,600
hesperoyucca-whipplei,200,400
heteropogon-contortus,100,400
heterotheca-villosa,200,700
heterotheca-villosa-var-ballardii,200,700
heterotheca-villosa-var-depressa,200,700
heterotheca-villosa-var-foliosa,200,700
heterotheca-villosa-var-minor,200,700
heterotheca-villosa-var-nana,200,700
heterotheca-villosa-var-pedunculata,200,700
heuchera-cylindrica,200,900
heuchera-sanguinea,300,1400
hibiscus-hispidissimus,700,4100
hibiscus-laevis,800,1600
hibiscus-moscheutos,800,1700
hibiscus-moscheutos-subsp-lasiocarpos,800,1700
hilaria-belangeri,100,400
hilaria-belangeri-var-longifolia,100,400
hippophae-rhamnoides,600,1300
hippuris-vulgaris,300,1400
holcus-lanatus,500,1700
holodiscus-discolor,200,700
holodiscus-dumosus,200,900
hordeum-aegiceras,300,2600
hordeum-brachyantherum,500,2100
hordeum-californicum,300,700
hordeum-euclaston,200,1600
hordeum-pusillum,200,1600
hordeum-vulgare,300,2600
hosackia-crassifolia,300,700
hosta-lancifolia,700,1600
hudsonia-tomentosa,800,1400
hura-crepitans,800,3900
hydrangea-macrophylla,800,1400
hydrangea-quercifolia,800,1600
hydrocharis-laevigata,800,1600
hydrolea-quadrivalvis,800,1300
hydrophyllum-capitatum,400,800
hydrophyllum-capitatum-var-thompsonii,400,800
hydrophyllum-occidentale,200,700
hymenaea-courbaril,800,2300
hymenocallis-liriosme,700,1600
hyparrhenia-dichroa,400,1600
hypericum-anagalloides,400,1200
hypericum-aviculariifolium,800,1400
hypericum-boreale,700,1400
hypericum-calycinum,700,1600
hypericum-cistifolium,800,1400
hypericum-crux-andreae,800,1300
hypericum-densiflorum,800,1300
hypericum-galinum,900,1400
hypericum-gentianoides,700,1400
hypericum-mutilum,700,1400
hypericum-prolificum,700,1400
hypoxis-hirsuta,400,1400
ilex-amelanchier,1100,1600
ilex-cassine,1100,1700
ilex-coriacea,700,1800
ilex-cornuta,600,1600
ilex-crenata,800,1400
ilex-crenata-var-paludosa,800,1400
ilex-decidua,700,1600
ilex-glabra,800,1600
ilex-magnifructa,200,900
ilex-opaca,1000,2100
ilex-savannarum,200,1600
ilex-savannarum-var-morichei,200,1600
ilex-verticillata,800,1600
ilex-vomitoria,900,1400
iliamna-rivularis,400,1400
impatiens-capensis,300,1300
impatiens-pallida,700,1300
indigofera-hirsuta,700,2700
inga-edulis,900,2100
inga-laurina,1000,2100
ipomoea-pes-caprae,700,2100
ipomoea-pes-caprae-subsp-pes-caprae,700,2100
ipomopsis-aggregata,200,400
iris-bracteata,400,1600
iris-chrysophylla,400,1600
iris-fulva,1000,1700
iris-innominata,400,1600
iris-missouriensis,600,900
iris-tenax,400,1600
iris-virginica,1100,1700
iris-x-thompsonii,400,1600
isopterygium-tenerum,200,500
itea-virginica,700,1600
iva-frutescens,800,1700
iva-frutescens-subsp-oraria,800,1700
jacobaea-leucophylla,200,500
jacquemontia-sandwicensis,800,1300
jamesia-americana,200,700
jamesia-americana-var-macrocalyx,200,700
jamesia-americana-var-rosea,200,700
jamesia-americana-var-zionis,200,700
juglans-cinerea,600,2100
juglans-major,600,2100
juglans-microcarpa,400,900
juglans-microcarpa-var-stewartii,400,900
juglans-nigra,700,1600
juglans-regia,700,1200
juncus-articulatus,400,1100
juncus-biflorus,800,1400
juncus-biglumis,300,600
juncus-brachycarpus,800,1400
juncus-brachycephalus,800,1400
juncus-bufonius,200,1400
juncus-canadensis,700,1600
juncus-castaneus-ssp-castaneus-var-castaneus,800,1600
juncus-castaneus-subsp-castaneus,800,1600
juncus-castaneus-subsp-leucochlamys,800,1600
juncus-concinnus,300,800
juncus-confusus,200,800
juncus-conglomeratus,400,1600
juncus-dichotomus,300,1600
juncus-drummondii,800,1400
juncus-effusus,400,1600
juncus-effusus-subsp-solutus,400,1600
juncus-ensifolius,200,1100
juncus-hybridus,200,1400
juncus-interior,500,1400
juncus-jacquinii,800,1600
juncus-longistylis,200,1100
juncus-marginatus,800,1400
juncus-mertensianus,200,800
juncus-nevadensis,200,800
juncus-nodosus,800,1300
juncus-parryi,700,1600
juncus-ranarius,200,1400
juncus-roemerianus,1000,1600
juncus-scirpoides,900,1400
juncus-secundus,800,1400
juncus-subcaudatus,900,1400
juncus-tenuis,200,1400
juncus-torreyi,300,1300
juncus-triglumis,300,800
juncus-validus,800,1400
juniperus-ashei,200,700
juniperus-chinensis,700,1600
juniperus-chinensis-var-sargentii,700,1600
juniperus-communis-var-communis,500,1600
juniperus-communis-var-depressa,500,1600
juniperus-communis-var-megistocarpa,500,1600
juniperus-communis-var-saxatilis,500,1600
juniperus-horizontalis,700,1700
juniperus-monosperma,200,700
juniperus-occidentalis-var-australis,200,700
juniperus-occidentalis-var-occidentalis,200,-1
juniperus-osteosperma,300,600
juniperus-scopulorum,200,700
juniperus-virginiana,300,1800
juniperus-virginiana-var-silicicola,700,1700
justicia-americana,800,1600
kalmia-latifolia,800,1600
kalmia-microphylla,300,600
kalmia-microphylla-subsp-occidentalis,300,600
kalmia-polifolia,300,600
kalmia-polifolia-subsp-occidentalis,300,600
keckiella-antirrhinoides-var-microphylla,400,1800
kerria-japonica,800,1600
kochia-scoparia-var-trichophila,200,-1
koeleria-macrantha,300,600
koelreuteria-paniculata,600,1300
krameria-erecta,100,400
kummerowia-stipulacea,700,1700
kummerowia-striata,700,1700
lablab-purpureus,600,2500
lachnagrostis-rudis,300,1600
lachnanthes-caroliniana,700,1400
lagerstroemia-indica,800,1300
laguncularia-racemosa,1000,2400
lappula-deflexa-subsp-americana,800,1400
larix-decidua,700,2100
larix-kaempferi,600,2100
larix-laricina,100,1400
larix-lyallii,600,2500
larix-occidentalis,300,1300
lasthenia-maritima,200,400
lathyrus-hirsutus,800,1600
lathyrus-japonicus,700,1600
lathyrus-japonicus-subsp-maritimus,700,1600
lathyrus-japonicus-var-parviflorus,700,1600
lathyrus-latifolius,600,1600
lathyrus-latifolius-f-albiflorus,600,1600
lathyrus-latifolius-f-lanceolatus,600,1600
lathyrus-littoralis,700,1600
lathyrus-sylvestris,700,1400
lathyrus-tuberosus,900,1400
lathyrus-vestitus,500,1600
leersia-lenticularis,600,1600
leersia-oryzoides,300,1300
leersia-virginica,300,1700
lepidium-alyssoides,200,400
lepidium-barnebyanum,200,400
lepidium-crenatum,200,400
lepidium-davisii,200,400
lepidium-integrifolium,200,400
lepidium-lasiocarpum,700,1200
lepidium-montanum,200,400
lepidium-nitidum,700,1600
lespedeza-bicolor,800,1600
lespedeza-capitata,400,1200
lespedeza-hirta,700,1600
lespedeza-hirta-var-appressipilis,700,1600
lespedeza-hirta-var-dissimulans,700,1600
lespedeza-thunbergii,800,1700
leucaena-leucocephala,300,2100
leucaena-leucocephala-subsp-glabrata,300,2100
leucaena-retusa,300,800
leucanthemum-vulgare,700,1300
leucanthemum-vulgare-subsp-pannonicum,700,1300
leucanthemum-vulgare-subsp-pujiulae,700,1300
leucothoe-axillaris,1000,1400
leucothoe-fontanesiana,800,1600
leymus-ambiguus,200,700
leymus-angustus,300,500
leymus-arenarius,800,1600
leymus-cinereus,200,600
leymus-condensatus,300,700
leymus-flavescens,300,800
leymus-mollis,800,1600
leymus-racemosus,200,1600
leymus-salina,200,700
leymus-salinus,200,700
leymus-secalinus,400,1600
leymus-triticoides,100,1600
leymus-x-multiflorus,100,1600
liatris-punctata,400,700
liatris-punctata-var-mexicana,400,700
liatris-punctata-var-mucronata,400,700
liatris-pycnostachya,400,700
liatris-pycnostachya-var-lasiophylla,400,700
liatris-spicata,800,1600
liatris-squarrulosa,800,1600
ligustrum-japonicum,700,2100
ligustrum-ovalifolium,800,1800
limonium-carolinianum,1000,1400
linanthus-pungens,200,500
linanthus-pungens-subsp-hallii,200,500
linanthus-pungens-subsp-hazeliae,200,500
linanthus-pungens-subsp-hookeri,200,500
lindera-benzoin,800,1300
linum-lewisii,200,600
linum-lewisii-var-alpicola,200,600
linum-lewisii-var-lepagei,200,600
linum-striatum,500,1600
lippia-micromera,700,2100
liquidambar-styraciflua,1000,1600
liriodendron-tulipifera,700,2100
liriope-muscari,600,1600
lithocarpus-densiflorus-f-attenuatodentatus,1000,2600
lithocarpus-densiflorus-var-densiflorus,1000,2600
lithocarpus-korthalsii,1000,1800
lithospermum-ruderale,200,500
lobelia-cardinalis,700,1600
lolium-multiflorum,400,1700
lolium-perenne,800,1700
lolium-rigidum,300,1600
lomatium-canbyi,200,500
lomatium-cous,200,500
lomatium-dissectum,300,2600
lomatium-macrocarpum,200,500
lomatium-simplex,200,600
lomatium-triternatum,200,600
lomatium-triternatum-var-brevifolium,200,600
lomatium-triternatum-var-macrocarpum,200,600
lonicera-involucrata,300,900
lonicera-involucrata-var-ledebourii,300,900
lonicera-japonica,700,1600
lonicera-japonica-var-aureo-reticulata,200,500
lonicera-japonica-var-chinensis,200,500
lonicera-maackii,800,1300
lonicera-maackii-f-erubescens,800,1300
lonicera-sempervirens,500,1600
lonicera-tatarica,800,1300
lonicera-tatarica-var-micrantha,800,1300
lonicera-utahensis,600,1600
lorandersonia-linifolia,100,700
lotus-alpinus,600,1700
lotus-corniculatus,600,1700
lotus-corniculatus-subsp-frondosus,600,1700
lotus-corniculatus-var-carnosus,600,1700
lotus-corniculatus-var-hirsutus,600,1700
lotus-pedunculatus,1000,1400
lotus-tenuis,600,1300
lupinus-albicaulis,800,1600
lupinus-albicaulis-var-shastensis,800,1600
lupinus-albifrons,800,1600
lupinus-albus,800,1800
lupinus-angustifolius-subsp-reticulatus,800,1600
lupinus-arboreus,400,800
lupinus-arboreus-var-eximius,400,800
lupinus-arcticus,200,2600
lupinus-arcticus-subsp-subalpinus,200,2600
lupinus-argenteus,200,1200
lupinus-argenteus-ssp-argenteus-var-argenteus,200,1200
lupinus-argenteus-ssp-argenteus-var-laxiflorus,200,1200
lupinus-argenteus-subsp-ingratus,200,1200
lupinus-argenteus-subsp-moabensis,200,1200
lupinus-argenteus-subsp-parviflorus,200,1200
lupinus-argenteus-subsp-rubricaulis,200,1200
lupinus-argenteus-var-palmeri,200,1200
lupinus-argenteus-var-utahensis,200,1200
lupinus-aridus-subsp-aridus,200,400
lupinus-bingenensis-var-subsaccatus,600,1600
lupinus-caudatus,400,1800
lupinus-caudatus-subsp-argophyllus,400,1800
lupinus-caudatus-subsp-cutleri,400,1800
lupinus-caudatus-subsp-montigenus,400,1800
lupinus-caudatus-var-submanens,400,1800
lupinus-caudatus-var-subtenellus,400,1800
lupinus-confertus,200,400
lupinus-covillei,300,900
lupinus-cusickii,200,400
lupinus-elatus,800,1600
lupinus-elegans,800,1600
lupinus-elmeri,700,1600
lupinus-garfieldensis,100,300
lupinus-havardii,200,600
lupinus-hyacinthinus,800,1600
lupinus-jonesii,100,300
lupinus-kuschei,100,300
lupinus-latifolius,200,400
lupinus-latifolius-ssp-viridifolius-var-barbatus,200,400
lupinus-latifolius-ssp-viridifolius-var-viridifolius,200,400
lupinus-latifolius-subsp-dudleyi,200,400
lupinus-latifolius-subsp-leucanthus,200,400
lupinus-latifolius-subsp-longipes,200,400
lupinus-latifolius-subsp-parishii,200,400
lupinus-latifolius-subsp-viridifolius,200,400
lupinus-latifolius-subsp-wigginsii,200,400
lupinus-lepidus,200,400
lupinus-luteolus,300,800
lupinus-luteus,800,1600
lupinus-nevadensis,200,500
lupinus-nootkatensis,700,2100
lupinus-nootkatensis-var-fruticosus,700,2100
lupinus-nootkatensis-var-kiellmannii,700,2100
lupinus-onustus,600,1600
lupinus-oreganus-var-kincaidii,600,1600
lupinus-parviflorus,200,1200
lupinus-parviflorus-subsp-myrianthus,200,1200
lupinus-prunophilus,200,2600
lupinus-rupestris,200,400
lupinus-sellulus-var-medius,200,400
lupinus-sericeus,100,300
lupinus-sericeus-ssp-sericeus-var-egglestonianus,100,300
lupinus-sericeus-ssp-sericeus-var-flexuosus,100,300
lupinus-sericeus-ssp-sericeus-var-maximus,100,300
lupinus-sericeus-ssp-sericeus-var-sericeus,100,-1
lupinus-sericeus-ssp-sericeus-var-thompsonianus,100,300
lupinus-sericeus-ssp-sericeus-var-wallowensis,100,300
lupinus-sericeus-subsp-sabinei,100,300
lupinus-sulphureus,600,1600
luzula-divaricata,300,1200
luzula-fastigiata,300,1200
luzula-parviflora,300,1200
luzula-spicata,300,1200
lycium-carolinianum,600,1600
lycium-carolinianum-var-quadrifidum,600,1600
lycium-pallidum,200,400
lycium-pallidum-var-oligospermum,200,400
lycium-sandwicense,200,1300
lycopodium-dubium,800,1600
lycopus-americanus,300,1600
lycopus-asper,200,1000
lycopus-rubellus,700,1600
lycopus-virginicus,800,2100
lyonia-ligustrina,900,2100
lyonia-ligustrina-var-foliosiflora,900,2100
lyonia-lucida,1000,1600
lysimachia-fraseri,800,1400
lysimachia-hybrida,800,1400
lysimachia-maritima,300,1400
lysimachia-thyrsiflora,400,1400
machaeranthera-tanacetifolia,400,700
maclura-pomifera,600,1100
macroptilium-atropurpureum,300,2900
magnolia-acuminata,800,1600
magnolia-acuminata-var-subcordata,800,1600
magnolia-fraseri,1000,2100
magnolia-fraseri-var-pyramidata,1000,2100
magnolia-grandiflora,800,1600
magnolia-portoricensis,1000,2300
magnolia-stellata,800,1600
magnolia-tripetala,1000,1600
magnolia-virginiana,1000,2100
magnolia-virginiana-var-australis,1000,2100
magnolia-x-soulangiana,800,1600
malus-angustifolia,800,1400
malus-angustifolia-var-puberula,800,1400
malus-asiatica,800,1400
malus-baccata,800,1400
malus-baccata-var-gracilis,800,1400
malus-chitralensis,800,1400
malus-coronaria,800,1400
malus-crescimannoi,800,-1
malus-daochengensis,800,1400
malus-fusca,800,3100
malus-halliana,800,1400
malus-honanensis,800,1400
malus-hupehensis,800,1400
malus-ioensis,700,1200
malus-ioensis-var-palmeri,700,1200
malus-ioensis-var-texana,700,1200
malus-jinxianensis,800,-1
malus-kansuensis,800,1400
malus-komarovii,800,1400
malus-leiocalyca,800,1400
malus-mandshurica,300,1400
malus-melliana,800,1400
malus-muliensis,800,1400
malus-ombrophila,800,1400
malus-prunifolia,800,1400
malus-pumila,800,1400
malus-rockii,800,1400
malus-sieboldii-subsp-sieboldii,800,1400
malus-sieversii-var-turkmenorum,800,1400
malus-sikkimensis,800,1400
malus-spectabilis,800,1400
malus-spontanea,800,1400
malus-sylvestris,800,1400
malus-sylvestris-subsp-orientalis,800,1400
malus-sylvestris-subsp-praecox,800,1400
malus-toringoides,800,1400
malus-transitoria,800,1400
malus-x-dawsoniana,800,1400
malus-x-floribunda,800,1400
malus-x-hartwigii,800,1400
malus-x-magdeburgensis,800,1400
malus-x-micromalus,800,1400
malus-x-platycarpa,800,1400
malus-x-purpurea,800,1400
malus-x-robusta,800,1400
malus-x-scheideckeri,800,1400
malus-x-soulardii,800,-1
malus-x-sublobata,800,1400
malus-x-zumi,800,-1
malus-xpurpurea-f-eleyi,800,1400
malus-yunnanensis,800,-1
malva-assurgentiflora,200,700
mammea-americana,1200,2600
mangifera-indica,1500,2600
manihot-esculenta,1500,2100
manilkara-bidentata,1300,1900
manilkara-bidentata-subsp-surinamensis,1300,1900
manilkara-zapota,1500,2600
maurandella-antirrhiniflora,200,500
mauranthemum-paludosum,300,1300
medicago-brachycarpa,300,1700
medicago-falcata,300,1700
medicago-lupulina,300,1600
medicago-polymorpha,300,2000
medicago-sativa,300,1700
medicago-sativa-ssp-xtunetana,300,1700
medicago-scutellata,400,1300
medicago-x-varia,300,1700
melia-azedarach,500,1600
melica-californica,300,700
melica-imperfecta,200,500
melica-subulata,600,1300
melicoccus-bijugatus,700,2600
melilotus-albus,400,1600
melilotus-indica,400,1400
melilotus-officinalis,400,1700
menodora-scabra,100,500
mentha-arvensis,500,1300
mentha-canadensis,500,1300
mentzelia-decapetala,400,900
menyanthes-trifoliata,300,1400
mertensia-ciliata,300,1700
mertensia-ciliata-var-stomatechoides,300,1700
mertensia-virginica,600,1400
metasequoia-glyptostroboides,600,1400
metrosideros-kermadecensis,500,11500
metrosideros-polymorpha-var-dieteri,500,11500
metrosideros-polymorpha-var-imbricata,500,11500
metrosideros-polymorpha-var-lutea,500,11500
metrosideros-polymorpha-var-macrophylla,500,11500
metrosideros-polymorpha-var-newellii,500,11500
metrosideros-polymorpha-var-polymorpha,500,11500
metrosideros-polymorpha-var-pseudorugosa,500,11500
metrosideros-polymorpha-var-pumila,500,11500
metrosideros-waialealae-var-fauriei,500,11500
micranthes-ferruginea,700,1600
microseris-laciniata-subsp-siskiyouensis,400,1600
microseris-nutans,400,1600
mielichhoferia-elongata,200,8200
mielichhoferia-mielichhoferiana,200,8200
mikania-scandens,700,1600
mimulus-alatus,600,1600
mimulus-nanus-var-nanus,200,1100
mirabilis-multiflora,200,500
mirabilis-multiflora-var-glandulosa,200,500
mirabilis-multiflora-var-pubescens,200,500
miscanthus-sinensis,800,1700
mollugo-nudicaulis-var-nudicaulis,300,1100
monarda-fistulosa-ssp-fistulosa-var-menthifolia,300,700
morella-cerifera-var-pumila,800,1600
morus-alba,700,1600
morus-alba-var-multicaulis,700,1600
morus-rubra,800,1600
muhlenbergia-asperifolia,300,1100
muhlenbergia-capillaris,700,2300
muhlenbergia-curtisetosa,600,1400
muhlenbergia-cuspidata,400,1100
muhlenbergia-frondosa,900,1300
muhlenbergia-glomerata,700,1300
muhlenbergia-mexicana,500,1300
muhlenbergia-montana,300,800
muhlenbergia-porteri,100,400
muhlenbergia-pungens,200,600
muhlenbergia-racemosa,200,900
muhlenbergia-repens,300,600
muhlenbergia-richardsonis,200,500
muhlenbergia-rigens,200,500
muhlenbergia-schreberi,600,1400
muhlenbergia-sericea,700,2300
muhlenbergia-sylvatica,700,1200
muhlenbergia-uniflora,800,1600
muhlenbergia-wrightii,300,600
myoporum-sandwicense,1500,3400
myoporum-sandwicense-ssp-st-johnii,1500,3400
myoporum-stellatum,1500,3400
myosotis-scorpioides,600,1400
myosurus-apetalus-var-borealis,300,700
myosurus-apetalus-var-montanus,300,1400
myosurus-minimus-subsp-minimus,300,1400
myrica-gale,700,1300
myrsine-lanaiensis,300,600
nandina-domestica,800,1400
nassella-cernua,300,500
nassella-lepida,300,500
nassella-pulchra,300,1100
nassella-viridula,300,700
nasturtium-microphyllum,200,700
nasturtium-officinale,200,700
nemophila-maculata,300,700
neonotonia-wightii,300,2100
neonotonia-wightii-var-mearnsii,300,2100
nerium-oleander,300,1600
nitrophila-occidentalis,200,500
nolina-microcarpa,100,400
nuphar-advena,200,500
nuphar-orbiculata,200,500
nuphar-polysepala,200,1100
nuphar-pumila,200,500
nuphar-sagittifolia,200,500
nuphar-ulvacea,200,500
nuphar-variegata,200,500
nuphar-x-rubrodisca,200,500
nyssa-aquatica,1000,1600
nyssa-ogeche,1100,1600
nyssa-sylvatica,1000,1600
nyssa-sylvatica-var-biflora,1000,1600
ocotea-floribunda,1000,4500
ocotea-moschata,1000,4500
oemleria-cerasiformis,400,900
oenothera-biennis,500,1400
oenothera-brachycarpa,100,1800
oenothera-caespitosa-subsp-navajoensis,100,1800
oenothera-caespitosa-var-navajoensis,100,1800
oenothera-cespitosa,100,1800
oenothera-cespitosa-subsp-crinita,100,1800
oenothera-cespitosa-subsp-macroglottis,100,1800
oenothera-elata,200,700
oenothera-elata-subsp-hirsutissima,500,1400
oenothera-elata-subsp-hookeri,200,400
oenothera-flava,200,500
oenothera-fruticosa,800,1600
oenothera-latifolia,200,500
oenothera-nutans,500,1400
oenothera-pallida,200,500
oenothera-pallida-subsp-runcinata,200,500
oenothera-pallida-subsp-trichocalyx,200,500
oenothera-pilosella,800,1300
oenothera-pilosella-subsp-sessilis,800,1300
oenothera-psammophila,100,1800
oenothera-tetragona,800,1600
olneya-tesota,0,600
olsynium-douglasii,300,600
oncophorus-virens,500,1100
onobrychis-viciifolia,200,1200
opuntia-ficus-indica,200,400
opuntia-nicholii,200,600
opuntia-polyacantha,200,600
opuntia-polyacantha-var-erinacea,200,600
opuntia-polyacantha-var-hystricina,200,600
orobanche-multiflora,700,1300
orthocarpus-luteus,200,700
orthocarpus-tenuifolius,300,500
orthotrichum-lyellii,800,1600
osmanthus-heterophyllus,800,1600
osmorhiza-depauperata,300,1400
osmorhiza-occidentalis,400,900
osmunda-regalis,800,1400
osmundastrum-cinnamomeum,1000,1600
osteomeles-anthyllidifolia,800,2100
ostrya-knowltonii,400,1600
ostrya-virginiana,400,1600
oxydendrum-arboreum,700,1100
oxyria-digyna,700,1600
oxytropis-lambertii,400,700
oxytropis-lambertii-var-articulata,400,700
oxytropis-lambertii-var-bigelovii,400,700
oxytropis-splendens,400,1100
pachysandra-terminalis,900,1600
packera-aurea,300,1400
packera-glabella,700,1300
paeonia-brownii,400,700
paeonia-californica,400,700
pandanus-tectorius,200,8200
panicum-aciculare,700,1600
panicum-acuminatum-var-acuminatum,800,1300
panicum-amarum,700,1300
panicum-antidotale,300,700
panicum-clandestinum,800,1700
panicum-commutatum,700,1600
panicum-dichotomiflorum,500,1700
panicum-hemitomon,1000,2100
panicum-latifolium,500,1600
panicum-miliaceum-subsp-miliaceum,600,1300
panicum-ovale,800,1300
panicum-rudgei,700,1400
panicum-scabriusculum,1000,1700
panicum-sumatrense,400,700
papaver-gorodkovii,100,800
parnassia-fimbriata,200,500
parnassia-fimbriata-var-intermedia,200,500
parnassia-palustris,200,900
parnassia-palustris-var-tenuis,200,900
parthenocissus-quinquefolia,800,1600
parthenocissus-tricuspidata,800,1600
paspalum-conjugatum,1000,5100
paspalum-dilatatum,800,1600
paspalum-laeve,900,1500
paspalum-plicatulum,800,1500
passiflora-lutea,900,1600
paulownia-tomentosa,700,1400
pectis-angustifolia,300,500
pectis-angustifolia-var-fastigiata,300,500
pedicularis-canadensis,800,1600
pedicularis-groenlandica,200,1300
peltandra-virginica,800,1600
pennisetum-ciliare-var-setiger,300,900
penstemon-acuminatus,300,800
penstemon-acuminatus-var-latebracteatus,300,800
penstemon-albertinus,300,800
penstemon-angustifolius,200,900
penstemon-angustifolius-var-caudatus,200,900
penstemon-angustifolius-var-dulcis,200,900
penstemon-angustifolius-var-venosus,200,900
penstemon-angustifolius-var-vernalensis,200,900
penstemon-compactus,400,900
penstemon-confertus,300,1700
penstemon-cyananthus,400,900
penstemon-cyananthus-var-longiflorus,400,900
penstemon-cyananthus-var-subglaber,400,900
penstemon-deustus,200,500
penstemon-deustus-subsp-heterander,200,500
penstemon-deustus-var-heterander,200,500
penstemon-deustus-var-pedicellatus,200,500
penstemon-deustus-var-suffrutescens,200,500
penstemon-deustus-var-variabilis,200,500
penstemon-digitalis,700,1400
penstemon-eatonii,200,600
penstemon-fruticosus,200,500
penstemon-fruticosus-var-scouleri,200,500
penstemon-fruticosus-var-serratus,200,500
penstemon-gairdneri,200,500
penstemon-gairdneri-var-oreganus,200,500
penstemon-glaber,300,700
penstemon-glaber-var-alpinus,300,700
penstemon-glaber-var-brandegeei,300,700
penstemon-hartwegii,200,1100
penstemon-heterophyllus-subsp-purdyi,300,600
penstemon-laetus,300,600
penstemon-laetus-subsp-leptosepalus,300,600
penstemon-laetus-subsp-sagittatus,300,600
penstemon-lemhiensis,200,700
penstemon-longiflorus,400,900
penstemon-lyallii,300,700
penstemon-newberryi,300,1000
penstemon-newberryi-subsp-berryi,300,1000
penstemon-newberryi-subsp-sonomensis,300,1000
penstemon-palmeri,100,400
penstemon-palmeri-var-eglandulosus,100,400
penstemon-palmeri-var-macranthus,100,400
penstemon-procerus,300,1700
penstemon-roezlii,300,600
penstemon-rydbergii,500,800
penstemon-rydbergii-var-aggregatus,500,800
penstemon-rydbergii-var-oreocharis,500,800
penstemon-speciosus,200,700
penstemon-strictiformis,300,700
penstemon-strictus,300,700
penstemon-sudans,200,500
penstemon-venustus,200,1800
penstemon-whippleanus,300,900
penstemon-wilcoxii,400,700
penthorum-sedoides,700,1300
perezia-multiflora-subsp-sonchifolia,600,1400
perideridia-gairdneri,300,700
perideridia-gairdneri-subsp-borealis,300,700
perideridia-parishii,300,800
perideridia-parishii-subsp-latifolia,300,800
perityle-angustifolia,500,700
persea-borbonia,1000,2100
persea-palustris,800,1600
persicaria-amphibia,300,1600
persicaria-hydropiper,600,1600
persicaria-hydropiperoides,300,1300
persicaria-maculosa,300,1600
persicaria-pensylvanica,300,1600
persicaria-punctata,300,1600
phacelia-affinis,900,1300
phacelia-hastata,200,500
phacelia-hastata-var-charlestonensis,200,500
phacelia-hastata-var-compacta,200,500
phacelia-hastata-var-dasyphylla,200,500
phacelia-leptosepala,200,500
phacelia-tanacetifolia,200,500
phalaris-arundinacea,800,1600
philadelphus-coronarius,800,1300
philadelphus-lewisii,400,1800
philadelphus-lewisii-var-parvifolius,400,1800
philadelphus-microphyllus,200,400
philadelphus-microphyllus-var-argyrocalyx,200,400
philadelphus-microphyllus-var-pumilus,200,400
philadelphus-microphyllus-var-stramineus,200,400
philonotis-americana,400,1400
philonotis-gracillima,600,1200
philonotis-uncinata,600,1200
phleum-alpinum,400,1600
phleum-pratense,800,1400
phlox-alyssifolia,900,1600
phlox-alyssifolia-subsp-abdita,900,1600
phlox-alyssifolia-subsp-collina,900,1600
phlox-austromontana,500,1100
phlox-bifida,400,2100
phlox-bifida-subsp-stellaria,400,2100
phlox-diffusa,500,1100
phlox-diffusa-subsp-longistylis,500,1100
phlox-diffusa-subsp-scleranthifolia,500,1100
phlox-divaricata,800,1600
phlox-divaricata-subsp-laphamii,800,1600
phlox-glaberrima,800,1300
phlox-glaberrima-subsp-interior,800,1300
phlox-longifolia,500,1100
phlox-maculata,700,1400
phlox-oklahomensis,400,2100
phlox-subulata,800,1600
phlox-subulata-subsp-australis,800,1600
phlox-subulata-subsp-brittonii,800,1600
phlox-viridis,500,1100
phragmites-australis,300,1600
phragmites-australis-ssp-americanus-×-ssp-australis,300,1600
phyla-nodiflora,200,1100
phyla-nodiflora-var-reptans,200,1100
phyllodoce-breweri,1000,1600
phyllostachys-aurea,800,1700
physaria-newberryi,700,1300
physaria-newberryi-subsp-yesicola,700,1300
physocarpus-capitatus,500,2100
physocarpus-malvaceus,400,1100
physocarpus-opulifolius,800,1600
phytolacca-americana,700,1700
phytolacca-americana-var-rigida,700,1700
picea-abies,600,1600
picea-breweriana,500,2800
picea-engelmannii,500,4100
picea-engelmannii-subsp-mexicana,500,4100
picea-mariana,100,1600
picea-pungens,500,1200
picea-rubens,700,1400
picea-sitchensis,500,5800
pictetia-aculeata,700,1400
pieris-japonica,800,1400
pinus-albicaulis,400,1900
pinus-aristata,700,1600
pinus-arizonica,300,700
pinus-banksiana,300,900
pinus-canariensis,200,1100
pinus-cembroides-var-bicolor,200,600
pinus-clausa,1000,1700
pinus-contorta,400,700
pinus-contorta-var-murrayana,500,2100
pinus-coulteri,800,1600
pinus-edulis,200,700
pinus-elliottii,1000,2100
pinus-elliottii-var-densa,1000,2100
pinus-flexilis,500,1800
pinus-glabra,800,1700
pinus-hartwegii,300,1600
pinus-jeffreyi,500,2100
pinus-kesiya-var-langbianensis,800,1700
pinus-lambertiana,600,2300
pinus-monophylla,200,600
pinus-monticola,300,800
pinus-mugo,800,1600
pinus-nigra-subsp-laricio,800,-1
pinus-nigra-subsp-nigra,800,1300
pinus-nigra-subsp-pallasiana,800,1300
pinus-palustris,1000,1600
pinus-ponderosa,300,700
pinus-ponderosa-var-scopulorum,300,700
pinus-pungens,900,1600
pinus-radiata,400,800
pinus-radiata-var-binata,400,800
pinus-sabiniana,300,700
pinus-serotina,1000,1600
pinus-strobus,500,2100
pinus-sylvestris,600,1200
pinus-virginiana,800,1700
piper-methysticum,1500,6400
pittosporum-tobira,600,1600
pittosporum-viridiflorum,600,1600
pityopsis-graminifolia,800,1400
pityopsis-graminifolia-var-aequilifolia,800,1400
pityopsis-graminifolia-var-latifolia,800,1400
pityopsis-graminifolia-var-tenuifolia,800,1400
pityopsis-graminifolia-var-tracyi,800,1400
plagiobothrys-mollis,400,1100
plagiobothrys-mollis-var-vestitus,400,1100
plagiobothrys-stipitatus-var-micranthus,800,1800
plagiothecium-micans-var-fulvum,200,500
planera-aquatica,800,1400
plantago-elongata,200,500
plantago-major,400,1600
plantago-patagonica,200,500
plantago-uliginosa-subsp-uliginosa,400,1600
platanthera-dilatata,300,1300
platanthera-dilatata-var-albiflora,300,1300
platanthera-dilatata-var-leucostachys,300,1300
platanthera-dilatata-var-leucostachys-×-yosemitensis,300,1300
platanus-hybrida,600,1600
platanus-occidentalis,700,2100
platanus-racemosa,300,600
platanus-wrightii,400,700
platycladus-orientalis,800,1700
pluchea-odorata,200,1100
poa-albescens,200,500
poa-alpigena,700,1600
poa-arctica,300,3000
poa-autumnalis,900,1600
poa-compressa,300,1200
poa-fendleriana,200,500
poa-fendleriana-subsp-longiligula,200,500
poa-glauca-subsp-glauca,200,1500
poa-glauca-subsp-litvinoviana,200,1500
poa-glauca-subsp-rupicola,200,1500
poa-infirma,600,1600
poa-lanata,300,3000
poa-leibergii,200,1100
poa-leptocoma,400,1300
poa-macrantha,500,1100
poa-nemoralis,200,1500
poa-nervosa,300,800
poa-paucispicula,400,1300
poa-pratensis,700,1600
poa-secunda-subsp-juncifolia,300,600
poa-secunda-subsp-secunda,300,600
poa-sinaica,300,1100
poa-sylvestris,700,1600
poa-trivialis,800,1300
podocarpus-macrophyllus,700,1600
podocarpus-macrophyllus-var-maki,700,1600
polemonium-acutiflorum,200,7100
polemonium-foliosissimum,200,500
polemonium-foliosissimum-var-alpinum,200,500
polemonium-foliosissimum-var-flavum,200,500
polemonium-occidentale,300,1100
polemonium-occidentale-subsp-lacustre,300,1100
polygonum-bistorta-var-bistorta,900,1400
polygonum-pensylvanicum-subsp-oneillii,300,1600
polypogon-monspeliensis,300,1400
polystichum-imbricans,400,1400
polystichum-imbricans-subsp-curtum,400,1400
polystichum-munitum,400,1400
pontederia-hastata,1000,1600
populus-alba,600,1400
populus-alba-subsp-pyramidalis,600,1400
populus-angustifolia,500,900
populus-balsamifera,100,1800
populus-balsamifera-var-californica,100,1800
populus-deltoides,600,1600
populus-deltoides-subsp-monilifera,200,900
populus-deltoides-subsp-wislizeni,600,1600
populus-fremontii,500,700
populus-fremontii-subsp-mesetae,500,700
populus-fremontii-var-macdougalii,500,700
populus-grandidentata,500,1800
populus-heterophylla,800,1600
populus-nigra,500,1300
populus-tremuloides,100,1600
populus-tristis,200,3200
populus-x-canadensis,500,-1
potamogeton-amplifolius,300,1400
potamogeton-bicupulatus,300,1600
potamogeton-crispus,300,1400
potamogeton-epihydrus,300,1400
potamogeton-foliosus-subsp-fibrillosus,300,1400
potamogeton-gramineus,300,1400
potamogeton-natans,300,1400
potamogeton-nodosus,300,1400
potamogeton-perfoliatus,300,1400
potamogeton-robbinsii,400,1400
potamogeton-zosteriformis,300,1400
potentilla-diversifolia,200,900
potentilla-diversifolia-var-perdissecta,200,900
potentilla-diversifolia-var-ranunculus,200,900
potentilla-gracilis,500,2100
potentilla-gracilis-var-brunnescens,500,2100
potentilla-gracilis-var-fastigiata,500,2100
potentilla-gracilis-var-flabelliformis,500,2100
potentilla-gracilis-var-owyheensis,500,2100
potentilla-pectinisecta,500,2100
potentilla-plattensis,300,600
potentilla-pulcherrima,500,2100
poterium-sanguisorba-subsp-polygamum,300,700
poterium-sanguisorba-subsp-sanguisorba,300,700
poterium-verrucosum,300,700
prestoea-acuminata-var-montana,1700,4100
primula-frenchii,700,1400
primula-incana,300,1100
primula-meadia,700,1400
primula-pauciflora,300,800
pritchardia-maideniana,2500,7700
pritchardia-munroi,800,5600
prosopis-glandulosa,100,400
prosopis-pubescens,100,400
prunella-vulgaris,400,1400
prunella-vulgaris-subsp-asiatica,400,1400
prunella-vulgaris-subsp-hispida,400,1400
prunella-vulgaris-subsp-lanceolata,400,1400
prunus-alabamensis,500,1300
prunus-americana,400,1100
prunus-angustifolia,600,1200
prunus-angustifolia-var-watsonii,600,1200
prunus-depressa,300,1300
prunus-domestica,300,1400
prunus-domestica-subsp-insititia,300,1400
prunus-emarginata,400,900
prunus-emarginata-var-mollis,400,900
prunus-fasciculata,200,600
prunus-fasciculata-subsp-punctata,200,600
prunus-fruticosa,500,1200
prunus-lyonii,300,1100
prunus-maritima,900,1600
prunus-maritima-var-gravesii,900,1600
prunus-nigra,300,1100
prunus-padus,600,1200
prunus-pensylvanica,400,2100
prunus-pensylvanica-var-saximontana,400,2100
prunus-pumila,300,1300
prunus-pumila-var-besseyi,300,700
prunus-serotina,500,1300
prunus-serotina-var-rufula,200,900
prunus-serotina-var-salicifolia,500,1300
prunus-subcordata,400,2600
prunus-subcordata-subsp-kelloggii,400,2600
prunus-subcordata-subsp-oregana,400,2600
prunus-subcordata-subsp-rubicunda,400,2600
prunus-tenella,300,1300
prunus-tomentosa,600,1100
psathyrostachys-juncea,200,900
pseudognaphalium-helleri,800,1600
pseudognaphalium-micradenium,800,1600
pseudoroegneria-spicata,200,900
pseudotsuga-macrocarpa,300,1100
pseudotsuga-menziesii,400,2600
pseudotsuga-menziesii-var-glauca,500,1200
psidium-guajava,1000,3900
psorothamnus-emoryi-var-arenarius,500,1300
psychotria-hathewayi,200,900
ptelea-trifoliata,700,1300
ptelea-trifoliata-ssp-angustifolia-var-angustifolia,700,1300
ptelea-trifoliata-ssp-angustifolia-var-persicifolia,700,1300
ptelea-trifoliata-ssp-pallida-var-cognata,700,1300
ptelea-trifoliata-ssp-pallida-var-confinis,700,1300
ptelea-trifoliata-ssp-pallida-var-lutescens,700,-1
ptelea-trifoliata-ssp-pallida-var-pallida,700,1300
ptelea-trifoliata-ssp-trifoliata-var-mollis,700,1300
ptelea-trifoliata-ssp-trifoliata-var-trifoliata,700,-1
ptelea-trifoliata-subsp-angustifolia,700,1300
ptelea-trifoliata-subsp-pallida,700,1300
ptelea-trifoliata-subsp-polyadenia,700,1300
pteridium-aquilinum,400,1600
pteridium-caudatum,400,1600
pteridium-decompositum,400,1600
pteridium-pubescens,400,1600
pterocarpus-officinalis,700,1800
ptilagrostis-kingii,500,1100
puccinellia-nuttalliana,600,1200
puccinellia-rupestris,300,600
punica-granatum,700,1600
purshia-glandulosa,100,400
purshia-stansburiana,200,600
purshia-tridentata,200,600
pyracantha-coccinea,800,1600
pyrrocoma-hirta,300,700
pyrrocoma-hirta-var-lanulosa,300,700
pyrrocoma-hirta-var-sonchifolia,300,700
pyrus-calleryana,800,1400
pyrus-communis,800,1400
pyrus-ussuriensis,400,900
quercus-acutissima,800,1300
quercus-agrifolia,500,1600
quercus-alba,700,2100
quercus-bicolor,900,1300
quercus-chrysolepis,100,2800
quercus-coccinea,700,1400
quercus-douglasii,200,1600
quercus-dumosa,300,700
quercus-falcata,1000,2100
quercus-garryana,200,2700
quercus-garryana-var-fruticosa,200,2700
quercus-garryana-var-semota,200,2700
quercus-imbricaria,600,1300
quercus-kelloggii,300,2600
quercus-laevis,1000,1800
quercus-lobata,400,1100
quercus-macrocarpa-var-depressa,300,1300
quercus-macrocarpa-var-macrocarpa,300,1300
quercus-margarettae,1000,2100
quercus-marilandica,400,1300
quercus-marilandica-var-ashii,400,1300
quercus-michauxii,1000,1800
quercus-montana,900,1500
quercus-muehlenbergii,500,2300
quercus-nigra,800,1800
quercus-pagoda,1000,1800
quercus-phellos,1000,1800
quercus-rubra,700,2100
quercus-shumardii,600,1800
quercus-shumardii-var-schneckii,600,1800
quercus-shumardii-var-stenocarpa,600,1800
quercus-stellata,500,2100
quercus-texana,700,2100
quercus-vacciniifolia,500,1600
quercus-virginiana,800,1800
ranunculus-abortivus,400,1500
ranunculus-alismifolius,200,800
ranunculus-alismifolius-var-alismellus,200,800
ranunculus-alismifolius-var-davisii,200,800
ranunculus-alismifolius-var-montanus,200,800
ranunculus-eschscholtzii,300,600
ranunculus-eximius,300,600
ranunculus-flammula,300,700
ranunculus-glaberrimus,800,1400
ranunculus-glaberrimus-var-ellipticus,800,1400
ranunculus-hispidus,800,1800
ranunculus-hispidus-var-caricetorum,800,1800
ranunculus-hyperboreus,200,1300
ranunculus-laxicaulis,800,1400
ranunculus-laxicaulis-var-mississippiensis,800,1400
ranunculus-longirostris,300,1400
ranunculus-macounii,200,7100
ranunculus-minimus,300,1400
ranunculus-pensylvanicus,200,1300
ranunculus-repens,400,1800
ranunculus-sceleratus,200,1400
ranunculus-sceleratus-var-multifidus,200,1400
ranunculus-triternatus,800,1400
ranunculus-x-alopecuroides,300,1400
ratibida-columnifera,400,1100
ratibida-pinnata,400,1000
ratibida-tagetes,200,900
rhamnus-alnifolia,200,1300
rhamnus-crocea,300,700
rhamnus-crocea-subsp-insula,300,700
rhinanthus-minor,1000,1600
rhododendron-albiflorum,1400,2600
rhododendron-albiflorum-var-warrenii,1400,2600
rhododendron-arborescens,900,1400
rhododendron-atlanticum,900,1400
rhododendron-canadense,800,1300
rhododendron-canescens,800,1300
rhododendron-columbianum,300,1300
rhododendron-groenlandicum,200,4600
rhododendron-lapponicum,200,1300
rhododendron-macrophyllum,1300,3200
rhododendron-maximum,900,1600
rhododendron-occidentale,1300,3200
rhododendron-periclymenoides,900,1300
rhododendron-tomentosum,200,4600
rhododendron-viscosum,800,1400
rhus-aromatica,200,500
rhus-aromatica-var-serotina,400,1400
rhus-copallinum,700,1600
rhus-glabra,700,1600
rhus-microphylla,200,700
rhus-ovata,300,800
rhus-trilobata,200,500
rhus-trilobata-var-anisophylla,200,500
rhus-trilobata-var-pilosissima,200,500
rhus-trilobata-var-quinata,200,500
rhus-trilobata-var-racemulosa,200,500
rhus-trilobata-var-simplicifolia,200,500
rhynchospora-corniculata,700,1300
ribes-americanum,300,1600
ribes-aureum,300,600
ribes-aureum-var-gracillimum,300,600
ribes-aureum-var-villosum,300,1600
ribes-cereum,300,900
ribes-cereum-var-colubrinum,300,900
ribes-cruentum,300,700
ribes-erythrocarpum,600,1600
ribes-hudsonianum,700,1300
ribes-inerme,300,700
ribes-inerme-var-klamathense,300,700
ribes-lacustre,200,3100
ribes-montigenum,200,900
ribes-nevadense,300,700
ribes-roezlii,300,700
ribes-roezlii-var-amictum,300,700
ribes-sanguineum,300,800
ribes-sanguineum-var-glutinosum,300,800
ribes-triste,200,1600
ribes-viburnifolium,400,1100
ribes-viscosissimum,300,2200
ribes-viscosissimum-var-hallii,300,2200
robinia-hispida-var-fertilis,800,1600
robinia-neomexicana,200,900
robinia-pseudoacacia,400,1700
robinia-pseudoacacia-var-pyramidalis,400,1700
rorippa-curvisiliqua,300,800
rorippa-sessiliflora,700,1600
rorippa-sinuata,300,1000
rorippa-sylvestris,300,1400
rosa-acicularis,300,1600
rosa-acicularis-ssp-acicularis-var-nipponensis,300,1600
rosa-acicularis-subsp-sayi,300,1600
rosa-acicularis-var-sayana,300,1600
rosa-bridgesii,300,700
rosa-californica,200,1100
rosa-carolina,600,1600
rosa-gymnocarpa,300,700
rosa-gymnocarpa-var-serpentina,300,700
rosa-lucieae,800,1400
rosa-nutkana,1300,3200
rosa-nutkana-var-setosa,1300,3200
rosa-palustris,800,1300
rosa-pisocarpa,300,2700
rosa-pisocarpa-subsp-ahartii,300,2700
rosa-rugosa,800,1600
rosa-rugosa-f-alba,800,1600
rosa-setigera,500,1600
rosa-virginiana,800,1400
rosa-virginiana-var-lamprophylla,800,1400
rosa-woodsii,300,1100
rosa-woodsii-var-arizonica,300,1100
rosa-woodsii-var-ultramontana,300,1100
roystonea-borinquena,700,3900
rubus-allegheniensis,700,1300
rubus-arcticus,200,2100
rubus-arcticus-subsp-acaulis,200,2100
rubus-arcticus-subsp-stellatus,200,2100
rubus-chamaemorus,800,1400
rubus-cuneifolius,900,1300
rubus-flagellaris,300,1100
rubus-hispidus,700,1800
rubus-idaeus,200,2700
rubus-idaeus-subsp-strigosus,200,2700
rubus-leucodermis,600,1600
rubus-leucodermis-var-trinitatis,600,1600
rubus-mercieri,300,700
rubus-nigerrimus,600,1600
rubus-nutkanus,500,1200
rubus-occidentalis,600,1200
rubus-odoratus,800,1400
rubus-ursinus,300,700
rubus-ursinus-ssp-ursinus-var-sirbenus,300,-1
rubus-ursinus-ssp-ursinus-var-ursinus,300,700
rudbeckia-hirta,700,1700
rudbeckia-hirta-var-angustifolia,700,1700
rudbeckia-hirta-var-floridana,700,1700
rudbeckia-hirta-var-pulcherrima,700,1700
rudbeckia-laciniata,300,1400
rudbeckia-laciniata-var-ampla,300,1400
rudbeckia-laciniata-var-bipinnata,300,1400
rudbeckia-laciniata-var-heterophylla,300,1400
rudbeckia-laciniata-var-humilis,300,1400
rudbeckia-maxima,1000,1600
rudbeckia-nitida,200,1100
ruellia-caroliniensis,800,1600
ruellia-caroliniensis-f-breviberbis,800,1600
ruellia-caroliniensis-f-caroliniensis,800,1600
ruellia-caroliniensis-f-laevior,800,1600
ruellia-caroliniensis-ssp-caroliniensis-var-caroliniensis,800,1600
ruellia-caroliniensis-ssp-caroliniensis-var-serrulata,800,1600
ruellia-caroliniensis-ssp-ciliosa-var-cinerascens,800,1600
ruellia-caroliniensis-ssp-ciliosa-var-heteromorpha,800,1600
ruellia-caroliniensis-subsp-ciliosa,800,1600
ruellia-humilis-f-alba,800,1600
ruellia-strepens,1000,1600
ruellia-strepens-f-alba,1000,1600
rumex-arcticus,200,2100
rumex-maritimus,300,1400
rumex-persicarioides-var-fueginus,300,1400
sabal-causiarum,700,1400
sabal-minor,800,2100
sabal-palmetto,700,1800
saccharum-brevibarbe,800,1300
saccharum-giganteum,800,1600
saccharum-officinarum,1000,2100
sacciolepis-striata,500,2100
sagina-saginoides,400,800
salicornia-rubra,200,400
salicornia-virginica,1000,1600
salvia-azurea,400,700
salvia-dorrii,200,400
salvia-dorrii-ssp-dorrii-var-clokeyi,200,400
salvia-dorrii-ssp-dorrii-var-dorrii,200,400
salvia-dorrii-ssp-dorrii-var-incana,200,400
salvia-dorrii-ssp-dorrii-var-pilosa,200,400
salvia-dorrii-subsp-mearnsii,200,400
salvia-dorrii-var-incana,200,400
salvia-rosmarinus,300,1200
sambucus-canadensis,800,1600
sambucus-cerulea,200,1600
sambucus-racemosa,600,1600
saponaria-officinalis,800,1200
sarcobatus-baileyi,100,400
sarcobatus-vermiculatus,100,400
sassafras-albidum,700,2100
saxifraga-ferruginea-var-foliacea,700,1600
saxifraga-ferruginea-var-macounii,700,1600
saxifraga-ferruginea-var-newcombei,700,1600
schefflera-morototonii,1500,5100
schinus-terebinthifolia-var-raddianus,600,1100
schinus-terebinthifolia-var-rhoifolius,600,1100
schinus-terebinthifolius,600,1100
schizachyrium-scoparium,400,1200
schizachyrium-tenerum,800,1600
schljakovianthus-quadrilobus,900,1400
schoenoplectus-acutus,300,1600
schoenoplectus-californicus,1000,1600
schoenoplectus-heterochaetus,400,1600
schoenoplectus-pungens,300,1600
schoenoplectus-tabernaemontani,400,1400
scirpus-atrovirens,400,1600
scirpus-cyperinus,1000,1600
scirpus-georgianus,800,1400
scirpus-pallidus,400,800
scirpus-pedicellatus,1000,1600
scirpus-pendulus,700,1400
scolochloa-festucacea,300,900
scutia-spicata-var-pauciflora,200,1100
secale-cereale,200,1300
senecio-hydrophiloides,300,700
senecio-integerrimus-var-exaltatus,200,700
senecio-integerrimus-var-integerrimus,200,700
senecio-integerrimus-var-major,200,700
senecio-integerrimus-var-ochroleucus,200,700
senecio-integerrimus-var-scribneri,200,700
senecio-triangularis,300,1600
senecio-vulgaris,400,1400
senecio-vulgaris-subsp-denticulatus,400,1400
senegalia-greggii,0,600
senna-gaudichaudii,700,2100
senna-marilandica,500,1600
sequoia-sempervirens,500,5100
sequoiadendron-giganteum,800,1400
serenoa-repens,800,2100
sesbania-cannabina,500,2300
sesbania-grandiflora,700,1600
sesbania-tomentosa,500,1100
setaria-italica,600,1600
setaria-italica-var-metzgeri,600,1600
setaria-pumila-subsp-pallidefusca,600,1600
setaria-vulpiseta,300,700
shepherdia-canadensis,300,800
sidalcea-neomexicana,200,800
sidalcea-oregana,200,800
sidalcea-oregana-ssp-oregana-var-calva,200,800
sidalcea-oregana-ssp-oregana-var-maxima,200,800
sidalcea-oregana-ssp-oregana-var-nevadensis,200,-1
sidalcea-oregana-ssp-oregana-var-oregana,200,800
sidalcea-oregana-ssp-oregana-var-procera,200,-1
sidalcea-oregana-subsp-eximia,200,800
sidalcea-oregana-subsp-hydrophila,200,800
sidalcea-oregana-subsp-spicata,200,800
sidalcea-oregana-subsp-valida,200,800
sideroxylon-lycioides,800,1300
sideroxylon-reclinatum,1000,1800
silphium-perfoliatum,400,1300
silphium-perfoliatum-var-connatum,400,1300
simmondsia-chinensis,0,300
sisyrinchium-angustifolium,800,1600
sisyrinchium-demissum,800,1400
sisyrinchium-idahoense,200,900
sisyrinchium-idahoense-var-macounii,200,900
sisyrinchium-idahoense-var-occidentale,200,900
sisyrinchium-idahoense-var-segetum,200,900
sloanea-berteriana,800,7100
solanum-lycopersicum,1500,2100
solidago-altissima-subsp-altissima,400,1400
solidago-caesia,800,1300
solidago-canadensis,400,1600
solidago-canadensis-var-hargeri,400,1600
solidago-fistulosa,1000,1700
solidago-flexicaulis,500,1400
solidago-gigantea,300,1300
solidago-lepida,400,1600
solidago-lepida-var-salebrosa,400,1600
solidago-missouriensis,300,900
solidago-multiradiata-subsp-multiradiata,200,2600
solidago-multiradiata-subsp-scopulorum,200,2600
solidago-nemoralis,300,1200
solidago-nemoralis-subsp-decemflora,300,1200
solidago-patula,500,1600
solidago-rigida,800,1600
solidago-rigida-subsp-glabrata,800,1600
solidago-rigida-subsp-humilis,800,1600
solidago-rugosa,600,1600
solidago-rugosa-subsp-villosa,600,1600
solidago-rugosa-var-aspera,600,1600
solidago-rugosa-var-sphagnophila,600,1600
solidago-sempervirens,800,1600
solidago-uliginosa,900,1400
sophora-chrysophylla,1000,3900
sorbus-americana,600,1600
sorbus-aucuparia,700,1600
sorbus-decora,400,1300
sorbus-scopulina,200,1600
sorghastrum-nutans,400,900
sorghum-arundinaceum,400,1600
sorghum-bicolor-subsp-arundinaceum,400,1600
sorghum-bicolor-subsp-bicolor,400,1600
sorghum-bicolor-var-bicolor-×-bicolor-var-sudanense,400,1600
sorghum-halepense,800,1600
sorghum-virgatum,400,1600
sorghum-x-drummondii,400,1100
sparganium-americanum,800,1300
sparganium-eurycarpum,200,1300
sphaeralcea-ambigua,100,400
sphaeralcea-ambigua-var-rosacea,100,400
sphaeralcea-ambigua-var-rugosa,100,400
sphaeralcea-coccinea,100,900
sphaeralcea-coccinea-var-elata,100,900
sphaeralcea-grossulariifolia,200,400
sphaeralcea-munroana,200,500
sphenopholis-intermedia,200,1600
sphenopholis-obtusata,200,1600
spinulum-annotinum-subsp-annotinum,800,1600
spiraea-alba,400,1400
spiraea-alba-var-latifolia,400,1400
spiraea-betulifolia,300,700
spiraea-betulifolia-var-corymbosa,300,700
spiraea-betulifolia-var-lucida,300,700
spiraea-douglasii,400,1300
spiraea-douglasii-subsp-menziesii,400,1300
spiraea-japonica-var-fortunei,800,1600
spiraea-prunifolia,800,1600
spiraea-rosthornii,800,1400
spiraea-tomentosa,700,1600
spiraea-trilobata,800,1600
spiranthes-cernua,600,1400
spiranthes-incurva,600,1400
spiranthes-romanzoffiana,300,1400
spirodela-polyrrhiza,300,1400
spondias-mombin,700,3100
spondias-radlkoferi,700,3100
spondias-venulosa,700,3100
sporobolus-airoides,100,400
sporobolus-compositus,400,1300
sporobolus-cryptandrus,200,500
sporobolus-flexuosus,100,500
sporobolus-heterolepis,500,900
sporobolus-interruptus,100,600
sporobolus-pungens,700,1600
sporobolus-virginicus,500,1100
sporobolus-wrightii,100,600
stachys-angustifolia,700,1400
stachys-palustris,300,1400
stachys-pilosa,300,1400
stachys-pilosa-var-arenicola,300,1400
stenotaphrum-secundatum,1000,1600
stenotus-acaulis,700,1600
stenotus-armerioides,300,600
stipa-lettermanii,100,600
stipa-nelsonii,100,600
stipa-thurberiana,100,500
stuckenia-filiformis,800,1600
stuckenia-filiformis-subsp-alpinus,800,1600
stuckenia-pectinatus,300,1600
styrax-americanus,400,1800
styrax-grandifolius,800,1900
swietenia-macrophylla,700,2600
swietenia-mahagoni,500,900
symphoricarpos-albus,300,1200
symphoricarpos-occidentalis,300,1200
symphoricarpos-orbiculatus,300,1600
symphoricarpos-rotundifolius,300,1100
symphoricarpos-rotundifolius-var-parishii,300,1100
symphyotrichum-chilense,200,600
symphyotrichum-foliaceum,300,1200
symphyotrichum-laeve,500,900
symphyotrichum-lanceolatum-ssp-hesperium-var-hesperium,300,900
symphyotrichum-lanceolatum-ssp-lanceolatum-var-hirsuticaule,200,500
symphyotrichum-lateriflorum,600,1600
symphyotrichum-novi-belgii-var-novi-belgii,1000,1600
symphyotrichum-patens,700,1400
symphyotrichum-pilosum,700,1300
symphyotrichum-prenanthoides,700,1300
symphyotrichum-puniceum,400,700
symphyotrichum-subspicatum,400,1700
symphyotrichum-subulatum,400,1300
symplocarpus-foetidus,1000,1600
symplocos-tinctoria,1000,2600
syringa-villosa,600,1300
syringa-vulgaris,700,1300
syzygium-cumini,800,5100
tabebuia-heterophylla,800,3400
tabebuia-pallida,800,3400
tamarindus-indica,900,2100
taraxacum-almaatense,300,1400
taraxacum-ceratophorum,300,1400
taraxacum-mexicanum,300,1400
taraxacum-officinale,300,1400
taraxacum-officinale-var-palustre,300,1400
taraxacum-subspathulatum,300,1400
taxodium-distichum,1000,1700
taxodium-distichum-var-imbricarium,1000,1700
taxodium-mucronatum,1000,1700
taxus-brevifolia,600,1600
taxus-canadensis,300,1300
taxus-cuspidata,800,1300
taxus-x-media,800,1600
tecoma-stans,200,1100
tecoma-stans-var-angustata,200,-1
tecoma-stans-var-velutina,200,1100
terminalia-catappa,500,2600
tetradymia-canescens,100,300
tetradymia-glabrata,0,300
tetradymia-spinosa,200,400
tetraneuris-acaulis-var-caespitosa,800,1400
teucrium-canadense,500,1600
teucrium-canadense-var-hypoleucum,500,1600
teucrium-canadense-var-occidentale,500,1600
teucrium-canadense-var-virginicum,500,1600
thamnosma-montana,100,300
thelypteris-noveboracensis,700,1600
thermopsis-californica-var-semota,200,400
thermopsis-macrophylla,200,400
thespesia-grandiflora,1200,2500
thespesia-populnea,500,2600
thinopyrum-intermedium,300,800
thinopyrum-intermedium-subsp-barbulatum,300,800
thuja-occidentalis,800,1400
thuja-plicata,700,3100
tilesia-baccata,500,1100
tilia-americana,500,2100
tilia-cordata,700,1600
tillandsia-usneoides,1000,2000
torenia-crustacea,500,11500
torreya-taxifolia,700,1600
trachelospermum-jasminoides,700,1600
tradescantia-virginiana,600,1400
tragopogon-dubius,100,1100
tragopogon-dubius-subsp-major,100,1100
trema-micrantha,700,1800
trichilia-hirta,700,1800
tricholaena-monachne,400,1000
trichophorum-caespitosum-var-callosum,300,1400
trichophorum-cespitosum,300,1400
tridens-flavus,400,1600
tridens-strictus,800,1400
trifolium-alexandrinum,300,1300
trifolium-ambiguum,800,1600
trifolium-fragiferum,500,1300
trifolium-fragiferum-subsp-bonannii,500,1300
trifolium-hirtum,300,1200
trifolium-hybridum,600,1600
trifolium-hybridum-subsp-elegans,600,1600
trifolium-longipes,400,1800
trifolium-longipes-subsp-atrorubens,400,1800
trifolium-longipes-subsp-elmeri,400,1800
trifolium-longipes-subsp-hansenii,400,1800
trifolium-longipes-subsp-multipedunculatum,400,1800
trifolium-longipes-subsp-oreganum,400,1800
trifolium-longipes-subsp-pedunculatum,400,1800
trifolium-longipes-subsp-pendunculatum,400,1800
trifolium-longipes-subsp-pygmaeum,400,1800
trifolium-longipes-subsp-reflexum,400,1800
trifolium-longipes-subsp-shastense,400,1800
trifolium-macrocephalum,200,600
trifolium-medium,800,1700
trifolium-mucronatum-subsp-lacerum,200,1600
trifolium-nigrescens,700,1800
trifolium-nigrescens-subsp-petrisavii,700,1800
trifolium-pinetorum,200,1600
trifolium-pratense,900,1300
trifolium-pratense-var-frigidum,900,1300
trifolium-repens,1000,2600
trifolium-repens-subsp-prostratum,1000,2600
trifolium-rusbyi,400,1800
trifolium-rusbyi-subsp-caurinum,400,1800
trifolium-rusbyi-subsp-multipedunculatum,400,1800
trifolium-rusbyi-subsp-neurophyllum,400,1800
trifolium-rusbyi-subsp-oreganum,400,1800
trifolium-rusbyi-subsp-reflexum,400,1800
trifolium-rusbyi-subsp-shastense,400,1800
trifolium-siskiyouense,200,1600
trifolium-subterraneum,400,1200
trifolium-subterraneum-subsp-brachycalycinum,400,1200
trifolium-vesiculosum,800,1800
trifolium-wormskioldii,200,1600
tripsacum-dactyloides,400,1600
trisetum-canescens,500,1100
trisetum-spicatum,300,1300
triteleia-grandiflora,500,1100
triticum-aestivum,200,2600
triticum-aestivum-subsp-spelta,200,2600
tsuga-canadensis,800,1400
tsuga-caroliniana,800,1600
tsuga-heterophylla,900,3900
tsuga-mertensiana,1000,3600
typha-angustifolia,700,1600
typha-latifolia,300,4600
ulmus-alata,1000,1800
ulmus-americana,300,1800
ulmus-crassifolia,500,1800
ulmus-parvifolia,400,1400
ulmus-pumila,400,1300
ulmus-rubra,500,2200
ulmus-serotina,1000,1600
ulmus-thomasii,500,1600
umbellularia-californica,300,2200
uniola-paniculata,800,1700
urochloa-brizantha,300,1300
urochloa-mutica,700,5100
urochloa-platyphylla,1000,1600
utricularia-minor,200,1600
vaccinium-angustifolium,800,1300
vaccinium-arboreum,800,1600
vaccinium-cespitosum,400,1800
vaccinium-corymbosum,800,1300
vaccinium-membranaceum,200,1300
vaccinium-ovalifolium,600,1300
vaccinium-ovatum,500,1200
vaccinium-parvifolium,400,1300
vaccinium-scoparium,400,1800
vaccinium-stamineum,700,1700
vaccinium-uliginosum,400,1200
vaccinium-vitis-idaea,200,7100
vaccinium-vitis-idaea-var-punctatum,200,7100
vachellia-constricta,100,600
valeriana-occidentalis,300,700
veratrum-californicum,400,800
veratrum-californicum-var-caudatum,400,800
verbesina-encelioides,200,600
vernonia-missurica,800,1400
vernonia-noveboracensis,1000,1600
veronica-americana,400,1600
veronica-wormskjoldii,800,1400
viburnum-acerifolium,800,1300
viburnum-dentatum,800,2600
viburnum-edule,200,4600
viburnum-lantana,800,1600
viburnum-lantana-var-glabratum,800,1600
viburnum-lantanoides,700,1300
viburnum-lentago,900,1600
viburnum-obovatum,800,2300
viburnum-opulus,700,1300
viburnum-prunifolium,800,1300
viburnum-rafinesqueanum,700,1200
viburnum-rafinesquianum,700,1200
viburnum-sargentii,700,1300
vicia-americana,200,1300
vicia-cracca,800,1600
vicia-cracca-subsp-incana,800,1600
vicia-cracca-var-angustissima,800,1600
vicia-grandiflora,800,1500
vicia-lutea,800,1500
vicia-lutea-subsp-vestita,800,1500
vicia-mulleriana,200,1300
vicia-tenuifolia,800,1600
vicia-tenuifolia-subsp-dalmatica,800,1600
vicia-villosa,400,1700
vicia-villosa-subsp-ambigua,400,1700
vicia-villosa-subsp-eriocarpa,400,1700
vicia-villosa-subsp-varia,300,1000
vicoa-indica,200,500
vigna-radiata,800,1500
vigna-radiata-var-setulosa,800,1500
vigna-unguiculata,300,3900
vigna-unguiculata-subsp-dekindtiana,300,3900
vigna-unguiculata-subsp-sesquipedalis,300,3900
vigna-unguiculata-subsp-stenophylla,300,3900
vinca-minor,700,1600
vitis-aestivalis,700,1400
vitis-aestivalis-var-lincecumii,700,1400
vitis-cinerea,800,1400
vitis-cinerea-var-baileyana,800,1400
vitis-cinerea-var-floridana,800,1400
vitis-cinerea-var-tomentosa,800,1400
vitis-palmata,800,1400
vitis-rotundifolia,800,1400
vitis-rotundifolia-var-munsoniana,800,1400
vitis-vulpina,800,1400
vulpia-myuros,100,500
wisteria-frutescens,1000,1600
wyethia-amplexicaulis,300,600
wyethia-mollis,200,500
xerophyllum-tenax,400,1800
yucca-aloifolia,700,2000
yucca-baccata,100,900
yucca-baccata-var-brevifolia,100,900
yucca-elata,200,400
yucca-elata-var-verdiensis,200,400
yucca-glauca,100,1600
zea-mays,500,1300
zea-mays-ssp-parviglumis-var-huehuetenangensis,500,1300
zea-mays-subsp-parviglumis,500,1300
zea-mexicana,500,1300
zelkova-serrata,500,1800
zenobia-pulverulenta,800,1800
zizania-aquatica,700,1300
zizania-aquatica-var-interior,700,1300
zizania-palustris,700,1300
zizaniopsis-miliacea,800,1800
zornia-apiculata,800,1600
zoysia-japonica,800,1600
zoysia-matrella,600,1600
zoysia-matrella-var-pacifica,600,1600
